reamostragem,media_valor,pct_medio,pct_mediano,mq_valor_causa,pct_por_sub,mq_pct_p,mq_valor_ce,mq_pct_dg,mq_pct_dgu,ridge,bagging_dg,floresta
0,1712.27,1002.66,1033.70,1024.28,1002.99,990.63,1012.43,1004.48,1070.28,988.47,1003.72,993.14
1,1779.46,974.19,983.75,973.18,974.68,990.43,1005.64,1007.39,1088.45,1030.37,1006.24,1007.88
2,1688.27,922.11,930.97,925.05,923.00,953.60,957.90,979.06,1080.11,979.12,977.23,967.02
3,1777.01,1058.69,1059.38,1067.67,1057.79,1054.40,1072.62,1075.27,1174.18,1057.54,1075.19,1040.45
4,1686.66,971.41,1025.62,961.73,970.43,984.78,973.49,996.15,1041.14,986.24,994.83,969.92
5,1678.52,1058.71,1038.06,1060.12,1062.69,1059.32,1059.57,1056.64,1105.30,1061.81,1058.71,1073.97
6,1750.00,1041.77,1040.20,1043.08,1041.64,1036.32,1035.69,1023.96,1085.54,1024.12,1020.84,1031.93
7,1608.64,898.19,921.61,903.76,900.03,902.85,912.07,921.01,1186.46,1057.42,923.27,912.09
8,1873.54,993.95,1016.95,1006.63,995.85,991.36,1004.08,1048.05,1150.27,1052.91,1049.30,1018.70
9,1925.03,1014.06,1046.47,1031.81,1015.05,1010.67,1030.90,1005.39,1064.32,1010.10,1004.93,1035.87
10,1844.29,1072.87,1086.11,1073.00,1077.36,1068.30,1066.77,1064.98,1205.07,1112.96,1064.06,1055.24
11,1688.40,927.14,922.67,933.53,932.10,916.81,925.63,941.25,1016.03,935.98,937.45,916.91
12,1798.34,1022.38,1083.77,1024.97,1057.20,1025.90,1026.28,1078.81,1104.38,1038.68,1079.93,1047.72
13,1654.07,907.03,926.39,911.43,916.87,901.68,903.52,912.43,1052.87,985.78,911.55,921.40
14,1665.63,980.35,983.44,982.37,980.94,1016.81,1026.05,1029.80,1018.86,1000.15,1025.07,1048.80
15,1706.06,994.65,1018.66,995.19,996.56,995.12,1002.33,981.03,1115.41,999.07,979.13,964.41
16,1655.10,993.51,981.66,991.34,994.83,990.17,988.62,1060.51,1135.25,1036.55,1061.57,1030.12
17,1680.08,982.68,1000.90,982.35,982.59,977.03,975.04,966.47,1033.49,960.29,967.56,971.83
18,1785.44,993.97,1002.43,992.23,993.90,993.47,1005.64,1026.69,1150.88,1016.43,1021.00,1008.68
19,1659.77,978.76,974.25,996.19,978.92,978.06,984.84,970.34,1059.32,978.56,968.81,996.06
20,1710.31,991.08,1006.99,988.14,1024.25,983.37,979.73,1052.64,1200.78,1088.59,1050.58,1025.77
21,1607.45,936.23,936.15,936.24,936.20,932.07,932.08,958.05,1120.10,1030.37,958.87,950.02
22,1708.47,1033.21,1032.27,1067.74,1043.44,1031.23,1060.98,1044.16,1112.15,1030.21,1042.45,1024.59
23,1768.39,959.42,950.16,970.03,959.44,958.44,970.90,968.24,976.55,957.72,963.82,973.42
24,1726.01,992.96,999.14,993.22,997.56,989.50,991.07,998.30,1055.37,1010.96,997.22,989.45
25,1591.71,985.38,980.73,1006.94,985.45,1005.07,1034.72,1016.86,1124.00,1026.80,1011.58,1061.53
26,1766.01,995.69,987.04,997.21,994.17,992.24,994.54,981.20,1131.16,1012.09,980.45,1023.63
27,1767.52,990.83,993.27,992.89,991.44,986.87,987.22,1013.44,1098.00,989.05,1014.94,991.40
28,1687.38,1048.00,1072.97,1048.69,1047.85,1051.86,1054.93,1039.76,1102.37,1046.65,1041.37,1033.32
29,1651.95,1006.47,1013.54,1018.33,1006.51,1007.22,1020.92,1055.56,1083.54,1020.29,1058.98,1001.25
30,1761.76,979.83,999.57,989.22,989.62,975.81,983.82,989.74,1057.02,978.03,989.98,986.96
31,1750.42,954.14,966.33,952.13,954.34,939.33,936.51,966.91,993.74,930.71,964.69,956.43
32,1745.14,916.17,943.91,919.66,917.17,927.62,941.23,909.70,953.95,915.57,909.48,973.93
33,1715.16,881.59,880.85,918.53,882.85,894.81,933.61,887.35,1026.98,945.37,887.85,897.94
34,1721.12,1032.18,1047.23,1027.53,1036.17,1030.16,1027.71,1015.85,1172.13,998.94,1017.47,998.95
35,1708.04,965.61,1010.10,968.72,966.94,958.47,958.23,1025.67,1177.34,1057.29,1025.71,1009.56
36,1743.33,946.61,957.00,963.02,980.94,948.63,960.89,974.45,1052.79,992.94,973.66,964.89
37,1796.21,909.72,932.38,927.59,910.13,906.03,922.52,958.71,1075.23,1009.31,961.40,945.11
38,1852.02,1040.71,1040.85,1051.82,1041.28,1035.52,1051.88,1041.87,1135.27,1065.20,1041.96,1060.62
39,1688.71,1035.63,1081.37,1036.12,1043.66,1021.82,1028.90,1025.88,1058.43,1010.50,1025.12,1010.59
40,1673.94,1006.39,978.02,1010.76,1005.70,980.75,989.77,993.58,1009.55,971.10,991.35,958.81
41,1594.08,957.14,967.69,956.80,957.87,975.06,973.34,978.03,1032.94,992.93,978.25,989.79
42,1643.53,947.07,939.23,953.88,958.42,939.87,951.74,965.96,1041.49,952.53,967.24,976.03
43,1721.24,1002.25,1018.55,998.67,1007.77,1018.29,1024.83,1042.89,1129.38,1032.29,1037.10,1026.89
44,1636.15,944.41,955.73,945.15,951.14,942.18,939.92,969.79,1132.96,1034.58,966.90,964.88
45,1652.76,968.59,969.12,984.53,974.51,958.48,977.47,975.96,1146.03,1064.65,977.12,959.73
46,1782.06,968.04,969.74,973.17,988.34,991.57,1008.76,992.83,1094.10,1024.90,992.02,983.68
47,1792.15,1062.06,1072.92,1070.70,1061.76,1057.52,1068.89,1075.30,1207.35,1089.73,1073.42,1086.13
48,1842.16,1082.41,1109.49,1088.42,1086.41,1078.07,1084.42,1105.92,1203.16,1095.57,1102.11,1041.58
49,1691.05,993.85,1004.81,993.50,997.90,988.11,987.15,1000.89,1086.84,1006.40,1002.59,980.24
50,1667.63,998.01,1007.60,1000.82,999.20,997.08,1001.93,1024.02,1151.91,1070.61,1024.84,1008.84
51,1644.19,922.09,932.78,919.10,927.75,917.86,919.03,949.29,1099.88,970.58,954.01,959.23
52,1793.22,1007.21,1057.78,1023.53,1020.39,1006.57,1022.85,1016.84,1069.40,1019.37,1016.12,981.24
53,1731.22,1002.51,1009.35,1003.37,1014.49,1004.63,998.01,1032.48,1132.66,1060.06,1029.22,1011.53
54,1806.59,1022.42,1061.10,1026.43,1022.68,1033.91,1043.43,1051.26,1219.37,1120.69,1054.58,1039.45
55,1861.38,993.78,1063.03,1007.02,1000.89,1004.68,1015.71,1108.80,1225.71,1088.48,1110.69,1081.74
56,1744.37,1011.55,1010.05,1011.13,1040.29,1014.42,1011.99,1048.82,1107.20,1038.36,1051.33,1022.55
57,1709.59,913.66,913.78,915.05,929.54,917.53,922.22,977.19,1036.71,980.30,973.84,970.33
58,1788.27,974.95,995.68,975.50,1010.72,970.15,969.33,1023.71,1104.12,1019.12,1027.68,1015.22
59,1669.16,989.03,987.01,990.33,988.92,990.21,985.57,997.19,1084.03,984.87,998.38,981.07
60,1751.90,904.46,964.24,902.24,912.04,907.50,899.94,918.73,1017.31,941.04,920.15,920.87
61,1743.14,1033.37,1044.79,1033.74,1044.57,1020.36,1034.93,1074.29,1152.57,1062.08,1073.25,1054.85
62,1681.71,930.56,934.80,932.74,936.43,952.10,947.30,944.56,1003.15,952.86,948.84,964.60
63,1758.31,1017.87,1029.31,1017.77,1020.41,1019.38,1015.34,1037.89,1146.40,1067.07,1039.59,1030.82
64,1715.94,1018.52,1021.65,1018.88,1020.29,1014.24,1017.50,1019.63,1135.92,1077.45,1019.63,1039.45
65,1671.81,903.33,903.54,911.50,904.87,898.22,908.76,921.00,1035.23,947.85,920.23,923.40
66,1733.63,1002.34,1018.48,1002.24,1006.45,988.30,988.05,1001.46,1099.28,1023.42,1001.48,979.05
67,1628.07,1007.57,1006.13,1013.39,1012.11,1002.52,1009.65,1055.25,1150.70,1077.85,1055.09,1044.05
68,1722.62,957.76,979.29,961.40,953.32,957.03,956.13,981.29,1036.68,963.34,986.77,971.25
69,1705.89,981.41,997.13,979.45,989.03,997.96,996.89,1039.01,1099.05,1034.62,1035.93,1019.53
70,1682.59,1020.68,1012.51,1024.66,1024.70,1022.79,1018.70,1061.20,1123.63,1056.60,1059.35,1032.49
71,1663.18,960.46,1012.33,966.39,971.02,948.86,954.17,978.71,1111.33,999.76,981.66,955.09
72,1760.28,954.65,1003.24,973.85,953.78,962.41,982.23,986.79,1023.18,954.70,986.46,990.50
73,1689.12,914.90,978.10,918.56,924.49,910.32,914.79,937.60,1063.10,941.65,933.70,995.99
74,1678.95,993.76,1003.17,993.17,994.66,992.24,993.31,1020.80,1138.11,1051.68,1022.77,988.09
75,1719.34,987.56,984.97,985.67,1035.01,1037.54,1029.52,1084.18,1192.41,1078.34,1085.90,1022.42
76,1610.04,1000.50,995.75,1008.88,1008.16,993.28,1002.72,1028.86,1100.04,1035.37,1027.30,1074.80
77,1832.73,919.60,938.31,917.56,937.25,925.56,921.10,966.07,980.60,935.94,966.97,941.64
78,1863.45,945.62,943.22,976.75,952.06,948.04,983.04,940.17,1087.15,978.35,937.61,967.93
79,1689.32,965.84,984.69,961.02,979.77,975.36,971.16,1029.34,1105.25,1048.98,1030.46,1001.57
80,1685.46,999.18,1000.27,998.55,1009.51,998.60,998.17,1030.36,1074.76,1012.88,1031.05,991.90
81,1763.73,940.10,992.02,933.23,939.82,939.15,929.88,951.25,1046.48,951.65,952.73,955.35
82,1707.45,966.88,981.50,964.41,968.64,962.89,965.48,968.32,1040.53,963.28,965.58,915.31
83,1706.70,1007.35,1011.17,1014.08,1016.22,1002.71,1008.44,1065.36,1081.07,1029.53,1068.95,1070.46
84,1750.42,1078.44,1073.42,1079.04,1073.80,1104.75,1123.95,1134.74,1121.15,1093.84,1135.12,1101.50
85,1832.34,1033.81,1047.19,1033.49,1038.88,1038.98,1034.28,1043.28,1038.94,1013.90,1041.97,1015.01
86,1709.48,974.17,1039.39,974.99,974.29,1013.20,1022.10,1029.24,1173.70,1093.12,1021.59,1034.94
87,1604.55,916.86,958.53,922.82,917.12,909.58,917.02,903.40,990.30,910.15,903.88,904.24
88,1655.59,992.96,993.57,994.70,1012.85,991.85,992.94,1022.69,1083.12,1017.11,1019.58,1011.37
89,1908.86,1028.74,1040.16,1052.75,1029.67,1032.62,1068.34,1034.34,1137.21,1022.33,1030.40,999.43
90,1705.99,1019.22,1061.91,1018.75,1017.01,1023.04,1022.34,1018.07,1076.64,1023.63,1018.09,1042.02
91,1822.43,987.89,987.65,987.54,1009.08,999.13,996.72,1026.36,1186.96,1068.63,1026.32,1023.15
92,1738.24,972.72,1010.53,976.17,975.62,983.88,994.93,1009.83,1091.47,1010.19,1006.38,968.61
93,1762.74,1077.71,1088.83,1082.30,1092.85,1070.95,1072.45,1082.90,1085.99,1060.85,1084.50,1055.37
94,1699.26,944.66,945.19,948.53,958.38,942.61,944.47,968.33,1196.68,1050.51,966.28,959.27
95,1602.04,961.96,968.11,961.95,965.71,954.88,952.17,961.45,1087.26,990.66,959.54,991.60
96,1674.79,995.86,995.70,997.19,995.42,987.72,991.84,1006.36,1151.39,1070.11,1006.32,1001.39
97,1690.19,958.36,965.51,968.70,965.03,983.14,1008.52,979.94,1164.61,1040.36,980.25,989.89
98,1667.77,980.08,985.65,990.28,990.58,976.58,981.57,988.25,1223.45,1095.61,989.77,977.34
99,1535.56,999.82,997.14,1022.66,999.73,1005.90,1026.61,1046.24,1097.33,1018.22,1045.33,986.19
100,1799.18,954.13,976.45,955.84,960.80,946.08,946.94,999.35,1126.12,1052.32,1001.68,1018.98
101,1667.42,1040.58,1085.83,1036.59,1041.18,1033.22,1026.07,1081.25,1138.36,1056.96,1077.68,1044.42
102,1876.52,1036.50,1049.46,1046.87,1038.01,1031.29,1038.57,1088.84,1186.21,1108.77,1092.76,1050.50
103,1751.00,1014.36,1003.56,1020.69,1018.80,1021.58,1034.64,1034.08,1228.33,1096.92,1032.68,1015.48
104,1648.52,990.24,979.00,997.95,994.73,994.18,998.51,993.35,1080.47,1002.64,993.65,969.23
105,1585.24,982.12,982.86,1010.54,981.63,973.90,1002.67,972.36,1044.01,981.62,972.10,955.63
106,1680.69,911.96,942.50,917.33,917.33,967.30,993.31,1025.91,1039.95,977.44,1025.86,983.45
107,1735.69,984.44,984.36,985.65,983.68,976.71,977.51,970.89,1032.44,970.35,968.70,973.83
108,1731.05,1024.96,1059.55,1023.77,1026.90,1043.31,1033.03,1076.07,1131.98,1061.31,1074.90,1079.19
109,1687.56,900.99,950.78,904.92,918.63,907.71,913.36,943.14,1029.39,951.44,942.56,950.40
110,1745.63,980.53,995.75,974.13,1010.04,974.64,963.19,994.19,1117.43,1039.35,995.44,973.20
111,1605.05,994.59,1004.02,990.90,994.19,988.14,985.84,989.14,1066.00,983.53,993.12,955.51
112,1554.17,967.99,981.41,995.08,969.02,958.74,984.03,976.65,1113.17,1009.11,974.43,961.75
113,1688.54,1000.65,1008.14,1012.07,1002.39,996.43,1004.61,1014.14,1147.01,1051.39,1017.10,1003.33
114,1667.16,996.66,993.66,1006.52,996.63,994.27,1015.51,998.43,1118.92,1030.46,1001.96,1029.96
115,1778.72,1048.59,1062.18,1056.96,1050.22,1041.53,1046.23,1039.68,1162.55,1070.07,1040.73,1003.17
116,1586.12,916.87,919.68,923.08,921.75,923.80,939.71,928.12,1041.11,948.68,923.80,947.38
117,1682.80,1009.58,1018.15,1010.34,1014.90,1014.79,1012.50,1018.63,1055.38,1010.96,1014.36,1035.58
118,1817.67,1016.97,1030.77,1021.68,1020.97,1012.05,1015.59,1041.19,1094.42,1038.69,1039.08,1032.62
119,1744.56,955.49,977.33,953.61,972.26,968.38,964.90,1019.00,1129.35,1041.05,1021.97,1007.69
120,1798.65,1072.21,1062.48,1097.97,1075.64,1071.71,1094.57,1067.22,1125.91,1070.05,1067.30,1078.53
121,1690.98,909.55,916.85,911.46,910.54,900.51,906.52,913.38,955.82,897.75,914.17,901.31
122,1633.35,870.74,885.50,870.53,868.17,861.70,865.65,864.66,989.71,888.48,867.43,888.77
123,1674.78,935.23,944.44,938.43,952.06,933.19,929.21,986.98,1024.36,940.49,991.52,977.67
124,1863.14,962.74,965.37,962.74,981.26,958.92,958.13,977.77,1018.07,960.65,975.42,986.63
125,1704.51,1013.90,1014.96,1022.58,1014.32,1000.94,1019.93,1044.32,1114.86,1035.88,1044.73,1027.44
126,1705.98,1001.50,1004.94,1002.64,1002.75,1050.69,1074.41,1054.67,1116.82,1071.22,1050.14,1050.37
127,1650.95,1018.87,1036.69,1016.96,1017.98,1020.88,1017.26,1004.08,1115.73,1048.32,1007.94,972.82
128,1606.61,936.89,952.01,933.76,936.88,944.32,938.97,936.51,1012.51,943.96,935.26,944.90
129,1620.22,971.80,991.93,976.06,995.66,963.28,970.14,981.68,1071.60,1000.56,986.22,983.88
130,1721.77,963.45,977.69,965.36,963.68,956.04,957.24,947.00,1031.51,938.16,945.77,957.83
131,1627.25,964.34,964.46,972.85,964.96,954.40,968.32,984.78,1050.73,967.84,984.67,955.39
132,1735.98,1014.12,1020.21,1016.26,1022.59,1048.96,1073.96,1051.35,1175.66,1034.39,1051.23,1037.40
133,1744.64,1002.73,1001.54,1010.91,999.56,1022.59,1040.69,1043.54,1059.36,1018.71,1045.75,960.40
134,1717.82,1030.98,1038.59,1032.22,1048.21,1025.48,1024.94,1053.97,1184.22,1079.66,1058.42,1010.12
135,1641.57,971.91,978.10,972.33,980.65,972.95,970.31,984.08,1086.05,996.36,986.27,958.42
136,1669.12,999.45,1002.42,1021.78,999.68,1002.38,1029.84,1029.53,1151.25,1069.25,1028.39,1045.83
137,1661.67,1001.96,990.89,1002.66,1002.00,998.34,995.14,1003.34,1089.24,1010.03,1003.16,1000.02
138,1645.91,917.34,919.90,921.54,921.61,913.43,920.37,923.04,1023.05,936.97,921.23,905.73
139,1702.38,948.62,977.00,945.26,967.45,941.75,939.93,981.97,1092.91,1008.14,984.34,950.60
140,1669.92,992.56,1028.75,997.57,993.18,1017.37,1025.13,1038.13,1049.95,1001.89,1036.66,1005.08
141,1625.76,1019.87,1017.40,1025.03,1038.38,1018.11,1023.76,1054.82,1061.00,1013.79,1053.75,1030.40
142,1623.83,1011.05,1019.24,1021.00,1031.74,1002.90,1013.17,1045.47,1194.20,1087.06,1044.72,1043.55
143,1594.02,1000.09,1002.29,1038.91,1041.25,989.29,1032.33,1024.71,1080.11,1010.52,1024.04,1002.71
144,1694.90,1060.46,1078.16,1075.50,1070.12,1060.21,1080.28,1059.76,1117.98,1062.72,1061.07,1069.95
145,1680.69,1024.97,1023.88,1043.85,1048.39,1050.25,1051.56,1076.78,1167.24,1084.01,1078.19,1039.47
146,1669.54,950.61,954.41,952.56,950.55,939.36,945.29,947.33,1063.05,934.33,948.27,916.26
147,1567.49,1000.72,1008.41,998.11,1000.95,999.56,998.04,1030.04,1208.12,1103.92,1029.82,1027.78
148,1822.87,1039.74,1098.86,1038.05,1041.55,1037.82,1033.79,1049.68,1069.18,1036.62,1049.81,1039.88
149,1777.78,1069.43,1071.75,1068.95,1075.11,1063.69,1060.81,1139.96,1271.79,1156.63,1136.70,1095.31
150,1673.65,928.18,929.66,931.27,928.17,920.90,925.43,928.40,1056.00,978.01,928.67,905.02
151,1741.49,949.68,950.29,965.83,972.30,940.79,960.05,954.61,1036.02,974.91,954.44,995.41
152,1653.16,1035.49,1071.70,1058.55,1036.63,1020.88,1063.12,1082.87,1243.04,1074.90,1078.14,1031.26
153,1702.64,992.11,1001.67,995.21,1002.33,988.43,990.33,1009.08,1116.96,1021.45,1010.90,1000.58
154,1826.65,1055.93,1067.44,1057.26,1057.08,1052.14,1052.31,1101.18,1221.26,1152.30,1099.10,1065.39
155,1676.57,1012.50,1070.13,1015.58,1019.28,1008.06,1008.88,1034.95,1043.39,1006.37,1033.64,1030.44
156,1699.54,977.30,970.06,978.07,978.00,977.80,981.24,967.72,1016.14,966.56,967.77,987.94
157,1758.79,997.28,1014.87,991.68,1026.88,993.93,993.65,1010.75,1104.39,1011.21,1011.85,990.63
158,1610.45,973.20,973.18,979.68,974.76,971.66,978.69,1019.13,1164.01,1055.11,1020.72,1009.34
159,1616.48,991.49,990.80,996.76,991.65,998.46,997.32,1010.95,1050.35,982.53,1012.74,999.58
160,1574.07,1022.54,1022.78,1023.69,1024.75,1022.03,1018.92,1044.17,1167.25,1052.81,1045.58,1097.30
161,1653.00,1001.42,982.63,1017.40,999.54,993.50,1012.46,1003.63,1118.98,1027.69,1000.06,976.54
162,1785.06,945.97,964.32,945.74,974.06,933.02,934.74,912.64,1014.63,929.11,913.04,925.84
163,1746.62,899.85,900.26,901.42,899.36,904.27,904.11,894.03,958.54,884.18,892.98,902.48
164,1762.72,985.73,1001.74,997.32,1008.46,975.05,983.46,1061.30,1123.06,1044.95,1065.70,1001.15
165,1816.63,1013.99,1032.73,1001.13,1016.57,1011.08,1005.64,1089.84,1227.21,1142.42,1089.46,1058.95
166,1725.07,1003.36,1007.38,1004.36,1002.95,990.02,993.41,995.40,1134.51,1045.59,993.67,964.61
167,1746.66,995.81,1007.02,995.89,994.10,985.92,983.07,1018.99,1123.01,1030.77,1018.55,1016.07
168,1503.88,947.10,986.54,965.22,946.79,949.93,970.68,980.83,978.78,955.71,981.94,969.94
169,1727.98,1036.45,1046.94,1036.63,1037.05,1032.87,1033.00,1022.01,1131.23,1060.08,1022.29,1039.55
170,1632.60,964.06,991.35,961.32,1012.95,959.91,955.82,1017.90,1159.37,1051.14,1016.60,973.61
171,1773.40,933.18,933.88,939.78,938.72,939.45,953.76,948.96,1011.01,939.68,948.72,944.78
172,1597.63,984.49,985.80,988.74,984.52,988.16,997.26,1004.88,1056.31,993.95,1004.58,1053.30
173,1701.08,1034.85,1029.45,1032.70,1036.09,1041.86,1040.40,1075.68,1216.89,1140.81,1074.36,1064.75
174,1589.54,1016.68,1021.99,1017.81,1018.32,1013.09,1016.95,1015.90,1126.71,1017.42,1015.34,990.60
175,1775.36,986.80,1050.53,971.71,988.75,994.10,985.84,980.70,1008.72,981.88,979.29,1005.91
176,1735.24,1026.99,1022.31,1059.02,1029.70,1016.56,1051.85,1044.08,1284.09,1137.81,1043.76,1097.60
177,1628.85,950.48,946.35,957.55,953.36,949.21,950.62,969.24,1115.13,958.86,969.49,992.14
178,1604.59,944.40,944.30,943.79,945.76,942.81,944.55,954.78,1034.68,955.70,955.97,933.50
179,1600.32,932.04,931.49,942.52,935.29,929.50,941.38,975.65,1043.35,956.57,975.64,926.23
180,1861.92,1041.91,1037.06,1041.82,1055.15,1047.89,1042.05,1064.39,1125.69,1067.68,1066.36,1047.01
181,1692.30,982.17,982.72,982.83,982.28,978.95,979.60,973.50,1053.12,962.38,972.15,951.64
182,1742.55,1028.60,1036.91,1030.37,1053.25,1026.57,1026.44,1083.51,1167.43,1090.93,1083.11,1067.05
183,1589.24,929.97,973.71,935.81,964.61,920.03,933.09,971.34,1195.31,1107.50,970.32,939.07
184,1826.60,918.78,932.50,956.86,923.01,909.00,940.90,958.44,1099.46,1002.40,959.03,987.49
185,1667.87,1021.05,1024.75,1054.90,1039.34,1029.98,1062.77,1047.78,1097.91,1024.83,1050.48,1046.56
186,1611.36,1018.73,1035.46,1018.14,1020.52,1017.81,1016.41,1093.62,1133.59,1075.03,1096.28,1070.24
187,1698.16,982.09,987.77,982.32,981.11,978.91,976.82,1029.59,1199.48,1075.31,1027.29,1005.54
188,1706.00,944.35,944.94,945.88,946.88,946.67,947.86,984.15,1075.79,976.62,985.09,953.24
189,1583.25,1015.64,1020.62,1025.12,1018.13,1013.17,1023.56,1043.10,1098.38,1052.74,1044.33,1034.11
190,1713.50,1024.39,1030.38,1025.81,1038.23,1022.22,1020.89,1051.14,1061.05,1024.34,1049.04,1049.73
191,1712.93,1009.30,1024.06,1006.03,1010.52,1010.99,1004.66,1022.39,1058.25,1009.46,1022.33,1000.49
192,1859.57,1002.42,1021.96,1030.71,1004.21,1004.74,1051.75,1005.89,1106.40,1023.23,1006.14,1010.37
193,1654.70,983.99,1001.26,984.74,986.86,986.94,989.89,997.09,1184.28,1091.40,1001.71,1019.03
194,1628.10,955.70,996.95,952.16,955.94,946.44,944.70,1067.40,1165.09,1074.17,1064.86,1021.46
195,1664.82,1008.45,1020.65,1016.35,1009.47,1006.27,1018.57,1055.01,1171.63,1092.47,1051.24,1053.62
196,1632.60,981.83,995.06,985.50,1002.43,981.96,988.38,1003.38,1040.28,985.67,1004.44,1029.61
197,1742.83,1028.89,1025.25,1041.54,1037.53,1022.26,1036.60,1017.18,1133.44,1031.31,1018.47,1020.43
198,1786.30,992.68,980.15,994.60,1006.99,981.12,980.35,980.50,1074.70,987.51,979.07,989.36
199,1656.19,909.52,932.66,911.35,908.39,905.81,908.29,932.73,1076.75,981.33,930.83,924.64
200,1720.50,962.05,977.44,967.98,972.65,1006.23,1020.80,1017.12,1101.65,1031.11,1017.55,1011.44
201,1696.11,941.06,957.80,940.18,941.19,934.79,932.59,960.45,1209.62,1099.53,960.81,987.25
202,1848.53,914.91,947.71,956.11,969.87,928.38,981.48,999.60,1110.58,1001.67,998.20,957.66
203,1685.32,1043.63,1044.66,1047.77,1095.77,1055.64,1052.46,1127.79,1258.36,1145.21,1124.56,1112.74
204,1592.74,987.10,996.33,990.37,988.14,977.87,980.18,988.86,1178.74,1082.99,986.95,971.85
205,1569.68,953.82,954.22,963.77,953.70,943.48,954.92,955.67,1050.70,969.26,954.21,951.73
206,1746.22,967.00,994.51,965.67,969.62,966.94,962.91,978.51,1012.32,972.37,977.12,970.28
207,1780.46,1037.29,1041.23,1037.21,1067.08,1067.07,1074.15,1063.72,1126.74,1075.10,1065.07,1111.15
208,1720.93,952.77,956.48,959.91,953.60,948.98,962.00,955.03,1006.68,949.19,952.75,986.50
209,1794.92,975.85,993.84,975.76,987.61,957.95,961.99,1000.99,1150.21,1036.79,1004.98,1005.26
210,1715.90,1000.89,1003.36,1002.04,1006.37,999.38,997.44,1087.03,1249.76,1119.14,1086.55,1055.79
211,1782.22,1003.79,1001.73,1004.91,1001.69,1015.13,1014.91,1017.31,992.41,991.53,1016.75,1013.41
212,1618.90,985.88,985.76,1006.43,985.42,984.73,1010.20,993.38,1027.15,976.17,992.76,947.37
213,1744.64,946.25,957.06,945.16,947.90,928.16,921.41,938.78,1068.77,956.59,935.61,908.79
214,1719.32,976.92,987.94,976.97,977.22,969.50,974.55,1029.54,1130.64,1049.41,1032.79,1012.63
215,1741.50,940.91,960.88,948.17,942.99,941.66,964.05,980.69,1015.45,963.25,980.39,968.16
216,1574.63,941.51,952.85,948.93,949.36,942.47,942.41,950.55,1036.38,966.72,950.05,940.14
217,1754.46,1024.19,1017.74,1030.50,1028.40,1019.28,1027.12,1048.97,1133.40,1044.47,1046.93,1026.66
218,1607.71,935.88,943.58,935.86,937.43,926.34,927.02,912.35,1128.94,1025.44,915.90,913.03
219,1693.77,942.41,942.47,946.67,939.20,954.65,967.44,946.77,1113.15,1023.55,944.86,934.21
220,1861.90,978.12,995.95,978.15,978.64,966.41,968.56,980.73,1087.18,989.01,983.28,974.85
221,1778.40,978.08,976.01,994.39,980.02,988.81,1014.54,990.31,1086.14,997.41,989.54,1003.29
222,1626.00,947.99,948.12,946.77,950.40,948.42,941.34,1010.42,1050.63,975.11,1008.81,981.85
223,1768.35,960.48,961.97,960.49,988.74,967.02,969.04,1008.22,1017.14,960.75,1006.00,997.78
224,1794.00,1019.13,1034.52,1028.67,1017.05,1015.16,1023.82,1035.82,1063.51,1016.65,1034.52,1008.48
225,1770.37,985.70,1050.36,990.23,993.36,980.21,981.02,985.31,1104.99,1008.70,983.49,992.22
226,1694.16,1013.34,1006.03,1032.07,1040.72,1010.36,1025.72,1026.67,997.81,993.00,1024.40,1005.72
227,1738.17,1012.84,1023.57,1013.32,1020.87,1013.53,1013.98,1022.18,1135.63,1028.64,1020.01,985.37
228,1831.25,941.55,941.98,948.73,944.64,932.81,936.16,955.90,1019.43,936.15,955.87,962.55
229,1767.26,969.29,987.45,970.51,975.89,965.75,968.99,1001.69,1137.13,1050.07,999.26,960.75
230,1794.02,945.04,945.15,949.35,945.01,940.15,946.20,948.14,1031.01,957.48,949.21,929.39
231,1709.95,1013.25,1012.59,1010.91,1012.78,1008.44,1004.20,991.44,1025.57,987.37,992.64,980.80
232,1717.95,973.18,973.33,973.49,974.61,974.18,973.78,989.36,1157.26,1021.70,991.33,980.16
233,1757.05,995.21,1058.91,1011.38,1001.52,988.59,1005.89,997.83,1082.36,1009.23,995.99,1011.13
234,1694.39,974.73,977.96,975.23,974.08,1000.74,991.25,999.03,1028.47,986.48,995.85,998.82
235,1742.04,977.73,989.54,979.15,986.64,976.63,979.77,992.78,1047.11,985.77,994.02,952.71
236,1588.15,969.47,977.61,978.56,967.89,962.00,970.44,1020.00,1132.87,1038.96,1022.92,1046.79
237,1566.06,836.27,822.30,837.68,844.76,834.83,839.31,880.55,1132.86,965.01,879.14,855.13
238,1817.42,986.67,986.60,987.25,986.25,998.19,1005.95,1013.58,1130.04,1034.98,1014.61,982.03
239,1777.65,917.90,921.26,918.50,917.61,965.75,972.48,981.20,1081.69,1006.52,975.89,1004.73
240,1688.50,940.33,940.36,940.28,939.12,935.59,939.24,932.94,1076.48,983.32,931.70,938.75
241,1700.93,991.10,1071.43,979.47,997.22,984.38,970.87,991.88,1145.39,1048.68,989.79,1014.45
242,1697.85,952.82,939.78,957.73,956.04,958.87,963.72,1011.84,1046.53,992.57,1011.91,988.37
243,1765.41,963.54,972.91,966.28,965.24,960.14,961.00,955.39,1121.63,1036.98,953.60,978.76
244,1698.73,912.16,911.77,916.35,913.65,909.17,914.39,905.86,1070.95,968.35,906.99,948.47
245,1755.90,917.38,928.95,916.95,925.79,931.03,944.95,953.96,1117.02,1002.44,956.78,935.27
246,1610.96,946.61,953.75,948.24,949.19,940.59,942.45,949.13,1130.61,946.42,951.59,946.55
247,1569.14,942.45,943.68,942.75,946.44,975.25,962.23,974.27,1094.73,979.94,980.69,1000.23
248,1667.41,971.10,1007.22,971.76,970.08,960.17,957.27,1034.02,1034.23,989.48,1030.28,1043.27
249,1751.90,1024.91,1025.98,1025.27,1058.19,1022.40,1023.17,1070.79,1066.49,1029.12,1075.70,1047.93
250,1750.11,1028.47,1024.56,1039.88,1042.35,1032.15,1047.16,1040.03,1151.06,1077.03,1038.08,1038.77
251,1761.90,1013.40,1071.23,1004.51,1027.70,1002.24,1000.84,1016.95,1044.65,994.18,1017.58,981.59
252,1736.14,1052.24,1054.41,1055.44,1061.91,1067.27,1063.62,1052.82,1748.15,1048.37,1050.36,1113.49
253,1686.83,963.71,970.79,963.89,962.93,967.61,966.71,987.37,1019.06,965.72,984.71,959.24
254,1742.70,1026.39,1028.01,1034.57,1026.33,1016.80,1023.03,1038.74,1050.69,1015.60,1039.84,1015.48
255,1698.60,1020.66,1024.63,1022.32,1027.18,1012.44,1018.87,1077.53,1154.38,1098.42,1081.12,1036.01
256,1657.82,986.13,1041.36,985.02,998.65,1003.32,991.17,1041.98,1081.43,1008.08,1042.24,1058.30
257,1843.83,1004.19,1083.17,1039.70,1021.79,999.00,1041.07,1018.39,1036.78,1001.58,1016.13,1016.33
258,1594.28,943.44,942.82,951.61,953.91,930.22,938.94,956.67,1025.29,951.42,957.54,939.52
259,1664.39,1006.30,1000.36,1006.79,1011.14,1002.85,1003.68,1009.28,1143.32,1025.75,1005.12,1022.65
260,1780.07,1022.54,1020.03,1020.12,1025.51,1019.07,1017.79,1012.66,1068.90,1023.37,1014.03,1035.62
261,1687.48,1015.71,1029.29,1015.23,1014.89,1018.96,1011.95,1120.33,1180.72,1098.28,1132.80,1067.11
262,1686.30,978.29,988.64,975.48,987.97,977.19,973.73,1037.05,1177.22,1051.51,1033.63,985.31
263,1755.33,1013.62,1070.50,1012.26,1014.84,1000.38,998.88,1021.58,1164.53,1021.72,1019.63,990.02
264,1939.35,974.68,996.06,1022.69,974.53,978.98,1049.42,983.60,1099.12,997.19,981.67,1000.88
265,1612.18,908.38,906.05,913.67,913.20,912.66,924.91,900.03,1027.07,941.38,900.13,950.62
266,1633.01,932.56,936.02,932.72,944.89,938.92,935.99,974.37,1096.31,1005.67,974.16,942.34
267,1763.51,957.29,974.38,956.95,973.13,955.59,955.09,979.36,1055.81,959.46,981.58,943.40
268,1674.92,948.55,945.35,951.07,965.01,943.68,946.02,962.30,974.85,942.52,963.01,929.41
269,1670.64,992.01,999.70,1005.86,992.20,982.77,998.06,1000.18,1047.73,994.92,1001.49,998.95
270,1717.85,981.88,1043.61,975.12,995.42,983.37,974.87,1002.83,1102.91,1035.23,1001.08,958.65
271,1701.17,1015.29,1065.41,1020.48,1012.86,1018.98,1022.23,1026.40,1239.42,1103.94,1031.15,984.44
272,1583.59,997.75,1013.55,1001.22,1036.09,994.38,999.06,1024.71,1091.88,997.66,1021.19,995.66
273,1738.81,956.97,965.98,955.26,958.03,952.19,951.99,994.39,1094.99,1001.28,992.01,976.65
274,1595.52,1037.32,1071.50,1078.22,1040.00,1025.12,1061.48,1013.02,1044.03,999.94,1016.75,1011.56
275,1686.40,1005.19,1004.73,1006.51,1028.30,988.62,990.50,1030.81,1074.87,1001.16,1031.88,1010.30
276,1744.62,959.08,970.23,959.12,976.78,975.47,962.69,999.30,1128.02,1023.25,999.71,1001.22
277,1601.71,966.72,970.76,975.72,965.22,1025.91,1043.56,1049.93,1240.72,1112.98,1043.51,1024.47
278,1783.06,1011.55,1022.87,1009.05,1013.63,1031.14,1034.29,1039.04,1175.64,1093.66,1040.14,1006.74
279,1823.60,940.71,957.21,951.88,940.49,940.17,949.21,952.96,1032.11,958.38,949.03,941.72
280,1757.15,983.39,991.24,988.06,986.15,978.98,981.69,978.83,1051.63,977.20,978.61,1016.79
281,1713.51,968.53,964.42,969.16,980.59,965.43,963.14,1023.63,1075.93,1006.37,1022.84,1015.06
282,1580.49,947.62,960.41,945.90,946.75,935.28,937.26,931.60,1047.67,949.21,932.61,959.33
283,1655.04,890.24,901.95,893.04,889.59,886.41,889.25,894.02,959.86,885.89,893.55,919.67
284,1843.44,1020.13,1025.49,1019.24,1037.27,1011.55,1012.28,1076.30,1139.92,1079.75,1079.07,1075.28
285,1549.86,904.38,897.08,921.19,913.78,902.41,920.60,935.81,1001.47,941.91,941.23,943.27
286,1763.84,985.09,1012.75,983.58,998.57,991.91,999.65,1054.19,1103.30,1027.11,1054.22,997.75
287,1540.94,946.30,947.41,949.61,955.74,973.96,972.77,997.82,1090.54,979.18,997.01,970.23
288,1707.83,958.42,968.84,960.35,961.75,946.60,952.54,974.10,1088.84,985.88,975.87,971.65
289,1774.93,1009.61,1009.45,1013.89,1009.24,1003.72,1009.02,1032.33,1084.03,1024.89,1034.29,1057.63
290,1830.81,983.86,983.83,984.77,982.21,983.44,987.75,985.68,1015.15,967.59,981.44,981.13
291,1756.28,984.75,983.04,987.92,987.06,970.94,973.74,1007.89,1024.99,970.58,1005.86,950.24
292,1678.70,949.03,963.90,953.13,967.83,963.35,970.54,980.54,1139.41,1023.85,980.49,964.89
293,1674.49,1057.75,1055.16,1056.97,1057.91,1052.17,1055.45,1116.90,1217.35,1109.75,1117.69,1102.92
294,1676.46,902.94,905.10,904.73,908.05,887.22,891.07,922.78,973.99,901.00,925.43,915.18
295,1830.76,1053.49,1064.76,1068.09,1053.92,1043.80,1061.69,1113.13,1211.30,1107.46,1109.39,1097.94
296,1696.92,993.47,1045.03,979.95,1005.20,993.33,982.14,1018.83,1081.91,1023.27,1017.84,1001.18
297,1661.00,1045.87,1036.93,1070.47,1052.10,1048.03,1074.31,1053.32,1118.03,1053.46,1052.98,1053.70
298,1640.55,970.06,1042.33,966.72,972.79,961.57,961.05,963.15,1042.54,959.89,961.40,972.13
299,1660.41,965.63,984.80,965.15,971.42,972.10,969.10,973.81,999.06,958.19,969.74,962.14
300,1580.37,940.74,946.11,944.02,942.32,969.65,979.50,1018.01,989.83,962.27,1017.42,993.18
301,1727.27,1026.55,1040.16,1032.03,1043.93,1015.39,1019.11,1044.25,1141.45,1048.10,1044.41,1034.04
302,1639.37,1004.53,999.17,1014.81,1010.78,1001.87,1014.11,1013.06,1118.19,1025.86,1014.29,1017.96
303,1689.54,954.88,968.53,952.61,954.06,960.86,958.19,971.86,1043.47,988.65,973.64,990.31
304,1649.69,1050.63,1043.90,1059.03,1050.41,1045.72,1051.37,1064.29,1080.36,1043.56,1068.67,1071.03
305,1702.15,988.73,972.53,985.14,990.68,985.72,979.91,980.46,1031.44,975.40,983.33,970.32
306,1655.26,1051.10,1063.43,1056.64,1052.07,1042.91,1052.72,1058.99,1123.26,1065.99,1059.28,1085.56
307,1884.02,1032.61,1031.22,1049.59,1050.71,1029.43,1047.85,1047.91,1081.26,1032.44,1048.21,1043.39
308,1709.70,995.36,1037.64,999.07,996.40,993.75,1008.58,1017.31,1129.33,1006.86,1020.89,996.16
309,1621.69,1055.24,1061.41,1056.45,1072.22,1048.93,1049.78,1094.59,1155.02,1075.95,1094.16,1072.97
310,1836.05,961.83,973.60,961.28,965.57,947.96,943.67,966.32,1010.89,963.07,963.52,1017.53
311,1740.56,985.09,986.21,1006.46,987.33,981.93,1007.03,989.34,1096.15,991.23,986.53,956.48
312,1844.60,969.95,969.34,969.73,985.55,979.34,978.78,1007.98,1129.79,1015.58,1007.57,983.16
313,1641.47,1030.76,1030.96,1057.68,1034.77,1045.87,1059.47,1084.26,1193.11,1095.24,1084.29,1062.03
314,1759.57,943.70,958.52,942.36,966.98,937.90,931.49,979.64,1050.72,978.64,980.75,978.98
315,1846.48,972.20,983.27,981.16,972.41,992.33,1008.36,1010.37,1088.56,1011.52,1015.67,996.14
316,1611.29,969.35,961.66,973.69,974.44,956.89,963.78,991.28,1153.31,1111.24,990.37,1010.93
317,1729.59,1040.62,1071.03,1038.45,1051.45,1039.45,1030.88,1083.01,1074.80,1045.16,1078.55,1057.96
318,1700.58,897.99,898.31,898.37,900.70,890.65,893.29,929.45,990.42,918.22,930.30,874.10
319,1624.44,955.59,1016.30,954.27,957.13,950.89,951.18,964.23,1107.01,1014.27,964.33,950.58
320,1676.92,985.80,985.55,985.65,986.21,990.09,984.69,989.30,1035.11,973.22,988.08,1004.84
321,1555.67,908.51,953.34,918.40,911.82,911.86,914.29,976.10,1045.34,965.09,975.69,911.56
322,1741.37,1017.43,1071.52,1013.78,1022.78,1004.11,1007.51,1020.97,1137.43,1032.22,1022.16,1080.84
323,1626.62,964.08,964.01,964.74,965.24,958.81,952.04,962.07,1047.58,966.32,959.75,964.83
324,1715.66,968.84,965.02,968.60,972.04,960.27,961.06,942.25,1061.24,989.64,938.54,1010.08
325,1639.76,957.52,969.20,959.73,956.00,968.10,969.51,969.63,1085.53,996.35,968.42,955.55
326,1749.42,1029.91,1030.75,1030.79,1045.71,1054.99,1061.59,1095.97,1121.21,1066.95,1096.98,1060.67
327,1841.57,1016.49,1018.53,1019.75,1027.22,1005.41,1018.30,1008.93,989.01,992.94,1011.17,1024.44
328,1808.30,1025.63,1023.89,1030.66,1045.66,1039.79,1052.35,1106.02,1194.31,1140.85,1108.28,1066.11
329,1726.81,966.05,965.61,966.35,966.03,962.97,962.64,992.97,1130.78,984.78,992.98,1059.25
330,1542.26,1027.10,1026.69,1036.17,1027.71,1009.78,1022.43,1040.85,1159.46,1085.02,1041.83,1047.78
331,1708.53,895.59,896.77,896.25,901.99,908.38,911.36,925.02,974.89,932.09,926.74,915.35
332,1719.12,1017.40,1017.16,1017.88,1019.14,1023.52,1034.68,1022.03,1044.69,1018.98,1020.61,1012.13
333,1599.37,912.40,918.01,916.16,914.03,911.52,914.46,930.29,1100.34,1006.72,931.43,945.64
334,1688.35,969.58,1036.44,961.81,969.86,963.31,962.62,985.59,1030.95,970.33,987.93,973.06
335,1806.38,1118.40,1115.96,1123.31,1118.94,1112.33,1126.59,1113.48,1141.73,1103.30,1114.51,1124.45
336,1695.13,984.58,990.24,984.57,986.41,978.59,979.81,1031.42,1121.91,1030.02,1033.33,990.30
337,1637.38,981.28,992.56,980.98,984.44,973.74,982.65,1002.23,1099.69,985.40,1001.76,985.47
338,1699.72,1025.19,1024.13,1026.98,1033.45,1025.71,1019.49,1019.37,1099.02,1032.08,1018.04,1001.32
339,1710.91,972.68,987.20,1000.08,979.53,965.86,990.01,1013.23,1108.58,1054.39,1012.40,978.39
340,1691.93,1012.49,1011.49,1016.30,1021.48,1003.04,1004.07,1035.84,1069.21,1011.96,1040.11,1060.68
341,1795.73,1001.59,999.01,1016.69,1006.83,1026.39,1029.87,1042.85,1086.81,1054.11,1044.20,1040.83
342,1659.55,1007.63,1011.50,1014.96,1007.51,1020.88,1027.18,1081.95,1229.80,1086.46,1083.39,1046.49
343,1576.59,952.98,964.60,954.41,958.82,948.06,956.84,946.29,1069.24,941.05,948.24,950.05
344,1653.22,955.41,950.10,963.88,981.34,968.85,977.67,1054.79,1111.56,1059.35,1058.80,1031.92
345,1723.64,957.38,956.52,958.27,957.40,947.40,947.70,956.53,1064.20,947.35,956.11,971.41
346,1768.41,1007.35,1017.66,1005.42,1007.16,1009.70,1004.96,1018.39,1146.89,1031.29,1018.09,1018.23
347,1625.16,994.27,988.11,993.40,994.49,998.70,1000.09,1034.56,1197.02,1107.72,1032.98,1013.65
348,1859.91,989.26,1001.82,1013.57,988.09,985.90,1011.05,975.49,1098.33,1023.46,976.54,994.22
349,1612.90,968.63,968.36,969.26,969.06,961.90,963.43,972.93,1035.87,958.72,981.43,968.72
350,1776.56,1041.51,1051.07,1041.44,1043.79,1031.78,1036.57,1049.15,1030.40,1029.76,1051.80,1013.57
351,1655.48,945.71,964.44,951.22,948.59,937.76,944.79,966.60,1124.00,1006.83,963.08,952.89
352,1681.48,1044.05,1041.40,1042.11,1047.92,1035.71,1043.53,1048.19,1129.11,1057.35,1049.22,1062.84
353,1725.39,962.85,974.72,962.41,962.28,969.44,974.12,973.77,1081.01,977.05,973.97,971.13
354,1541.93,955.17,961.65,955.67,954.98,952.86,955.90,963.45,1086.14,1008.63,965.01,984.24
355,1799.09,1026.13,1099.44,1049.84,1026.29,1048.65,1081.22,1056.02,1170.74,1085.82,1057.48,1046.96
356,1752.03,996.97,1005.62,997.00,1014.01,985.52,988.86,1010.26,1143.45,1023.43,1011.31,973.12
357,1713.86,1036.29,1050.30,1032.07,1050.32,1032.35,1028.43,1067.96,1107.18,1046.50,1068.49,1131.32
358,1684.48,883.65,948.16,877.91,935.71,886.19,874.56,956.08,1133.66,968.35,953.50,963.06
359,1690.24,1009.44,1008.35,1018.56,1021.99,1036.99,1034.19,1086.79,1135.20,1077.60,1085.08,1068.43
360,1683.94,871.35,871.32,871.17,889.41,869.76,866.26,897.25,962.84,892.96,901.22,882.99
361,1620.47,916.48,937.68,921.13,916.93,915.03,920.10,919.11,1015.66,937.48,915.94,918.05
362,1793.91,979.88,1002.29,983.79,981.57,984.81,1000.75,990.04,1027.69,987.23,990.32,975.35
363,1752.82,1014.72,1012.60,1016.09,1028.35,1016.33,1014.60,1076.51,1229.91,1114.85,1075.70,1052.50
364,1589.25,984.88,978.50,985.40,985.15,981.94,984.87,995.44,1066.01,987.63,995.87,996.09
365,1765.49,965.58,960.68,962.82,966.61,973.30,971.43,994.97,1113.84,980.88,989.72,975.74
366,1663.32,1010.94,1014.52,1012.72,1040.44,1006.77,1014.57,1054.63,1149.85,1067.22,1054.52,1044.62
367,1744.07,1041.06,1037.10,1039.68,1049.23,1047.25,1053.42,1065.90,1150.32,1068.24,1066.32,1062.22
368,1714.52,951.17,973.18,946.76,961.56,947.82,949.53,962.13,1032.39,974.14,960.92,976.51
369,1629.44,965.70,959.93,966.88,1004.29,961.95,965.83,991.27,1073.03,990.30,991.62,969.11
370,1686.30,978.32,989.32,979.43,988.72,971.81,964.85,1037.49,1098.37,1031.42,1037.97,1001.41
371,1754.88,904.47,915.24,905.05,903.35,913.27,912.24,942.00,1053.93,953.75,940.02,950.49
372,1784.05,990.54,1004.96,997.56,991.98,1007.17,1028.52,1002.79,1129.09,1030.03,994.66,970.07
373,1805.55,1043.87,1060.21,1043.09,1050.17,1043.59,1041.19,1077.86,1103.67,1065.59,1078.95,1032.48
374,1673.85,959.40,969.50,959.26,965.50,975.31,988.31,1039.49,1122.41,1038.20,1039.98,1005.42
375,1676.81,1032.75,1036.78,1056.66,1031.98,1033.78,1058.97,1043.98,1177.62,1043.51,1046.34,1022.43
376,1798.17,890.09,914.47,893.22,903.45,905.21,910.14,943.87,976.87,913.90,942.09,972.63
377,1689.24,958.25,980.27,961.57,959.59,958.53,960.74,983.99,1158.51,1059.02,981.90,979.20
378,1893.23,991.38,1005.50,990.62,999.30,992.00,1000.74,1046.78,1262.59,1127.08,1039.54,1004.64
379,1569.32,951.02,958.41,952.45,951.20,938.36,937.52,949.20,1020.86,943.57,947.95,946.18
380,1639.36,1029.08,1034.26,1030.39,1035.08,1026.20,1026.88,1042.54,1090.15,1022.15,1041.22,1011.53
381,1673.64,948.56,963.27,948.04,947.71,955.45,956.50,984.25,1105.22,991.13,983.36,962.73
382,1899.24,1106.14,1167.69,1157.01,1106.27,1122.29,1164.57,1132.48,1187.87,1130.00,1129.57,1100.98
383,1698.62,989.95,990.23,990.16,989.68,985.30,984.36,971.12,1042.25,974.67,970.87,985.37
384,1771.98,995.02,1007.00,996.82,1007.55,981.88,989.57,1002.82,1109.24,1021.75,1003.19,1009.20
385,1817.05,1006.76,1006.40,1021.35,1006.28,1009.93,1025.62,1033.79,1069.56,1022.03,1029.16,991.91
386,1770.99,1033.96,1048.99,1033.79,1048.10,1013.68,1019.90,1023.44,1232.27,1057.77,1028.65,1024.81
387,1558.08,994.29,980.11,1070.89,996.75,988.78,1068.37,1014.85,1144.83,1026.48,1016.67,991.15
388,1667.35,975.65,981.63,975.93,979.07,976.18,976.80,984.28,1025.90,979.83,986.52,1013.69
389,1687.28,977.99,988.73,975.34,977.87,976.14,972.31,998.14,1113.95,1021.54,997.75,944.40
390,1691.18,936.09,948.86,953.95,935.04,952.77,980.95,945.66,1037.17,951.16,945.25,957.93
391,1686.38,934.36,955.23,932.97,940.36,929.27,927.15,934.68,1121.52,955.54,933.62,949.01
392,1762.63,982.67,1009.89,980.37,987.22,970.83,969.89,990.26,1126.27,1006.53,990.32,965.33
393,1680.87,1022.65,1015.09,1039.79,1035.50,1065.05,1054.90,1138.57,1215.38,1146.12,1142.37,1141.45
394,1674.86,968.24,968.18,969.21,976.18,968.58,972.49,974.56,1067.82,999.53,977.25,960.52
395,1780.63,1018.90,1018.35,1020.69,1021.07,1044.97,1050.73,1099.39,1162.41,1083.97,1095.69,1076.40
396,1717.02,1022.83,1017.73,1024.09,1021.31,1024.13,1029.33,1070.50,1079.76,1040.41,1068.17,1030.17
397,1683.55,977.72,981.88,987.01,977.60,967.05,984.37,978.50,1004.42,964.37,978.53,989.19
398,1821.47,1043.49,1056.29,1041.68,1042.44,1036.72,1035.36,1044.54,1278.99,1152.03,1046.09,1054.09
399,1684.41,947.22,951.34,953.73,947.37,942.91,950.18,978.76,1117.96,1035.89,976.64,951.87
400,1691.49,955.80,964.65,954.50,952.64,956.55,963.06,968.63,1078.99,980.38,970.87,995.70
401,1739.68,929.88,940.38,931.59,1014.83,931.02,925.18,1002.40,1097.76,997.47,1005.95,951.60
402,1759.56,1074.49,1087.97,1073.85,1089.70,1074.92,1072.42,1105.94,1224.03,1110.18,1105.56,1072.74
403,1771.49,989.71,1002.05,987.73,989.58,1032.05,1046.08,1037.17,1172.28,1095.63,1035.81,1020.94
404,1583.86,970.00,964.87,991.97,969.32,983.92,1017.20,1017.72,1093.36,993.05,1013.54,1004.51
405,1765.12,1007.03,1028.85,1007.23,1005.42,1005.95,1003.87,1023.10,1109.34,1042.41,1022.96,1002.00
406,1681.73,983.87,991.85,985.29,985.34,985.70,987.46,1019.16,1086.09,1030.90,1020.15,1015.21
407,1859.55,990.10,1005.15,1000.05,995.88,978.85,988.39,1048.48,1160.77,1058.12,1048.03,1045.30
408,1728.40,982.05,993.00,982.83,990.48,973.92,973.00,1018.59,1189.40,1076.83,1022.28,1006.88
409,1616.72,944.33,947.17,956.79,946.74,948.43,956.86,1004.18,1088.16,1007.29,1005.17,996.09
410,1708.14,1016.63,1014.50,1016.99,1022.70,1061.29,1067.10,1092.02,1132.07,1054.60,1095.27,1075.50
411,1502.88,850.02,836.89,879.23,854.09,846.70,875.71,834.67,890.40,834.65,836.80,852.23
412,1653.06,946.24,945.27,956.56,946.69,944.33,962.76,958.08,1116.66,1022.18,956.38,970.15
413,1705.20,1016.83,1028.42,1019.29,1017.99,1017.86,1017.14,1016.38,1069.18,1013.90,1019.13,1027.12
414,1687.81,1037.31,1057.33,1033.38,1062.39,1057.25,1040.53,1066.37,1035.18,1041.87,1068.73,999.46
415,1701.69,1004.67,1019.66,1004.30,1002.20,1000.50,1001.72,1018.04,1048.97,1000.39,1016.62,1035.95
416,1705.82,951.10,951.01,953.82,958.22,943.74,944.18,979.99,1116.69,1022.09,975.20,973.24
417,1626.66,994.67,1001.24,999.88,997.40,998.86,1009.15,1022.34,1061.47,1021.62,1024.07,1008.26
418,1663.73,958.04,954.28,958.99,959.71,952.45,950.54,970.75,1075.54,985.22,972.20,925.63
419,1708.24,1039.49,1047.48,1038.13,1055.25,1035.43,1037.32,1091.00,1094.20,1050.27,1087.74,1051.04
420,1713.54,1024.06,1016.11,1041.21,1030.35,1027.30,1040.50,1045.33,1182.35,1054.90,1044.85,1039.73
421,1818.97,1038.66,1048.34,1038.49,1041.56,1023.92,1029.34,1047.52,1091.44,1027.70,1050.46,1022.59
422,1713.70,1041.04,1049.70,1041.41,1052.35,1040.95,1036.45,1046.05,1143.54,1061.32,1047.32,1010.82
423,1567.40,995.18,999.12,1010.33,1007.89,984.05,999.26,1021.07,1115.01,1014.38,1018.54,979.33
424,1748.17,1014.90,1014.86,1022.00,1018.37,1003.51,1015.13,1029.19,1101.84,1032.51,1028.80,995.06
425,1794.70,964.23,974.40,962.85,964.90,960.43,961.58,982.95,1060.73,981.83,989.10,995.35
426,1806.61,1021.99,1033.56,1033.99,1020.07,1018.96,1032.15,1049.73,1095.39,1042.61,1049.45,1004.81
427,1659.51,1025.11,1110.93,1040.34,1031.62,1041.47,1056.99,1090.81,1099.22,1048.79,1088.32,1073.41
428,1923.71,1045.86,1056.01,1071.98,1091.28,1037.14,1074.47,1085.18,1168.00,1093.75,1084.40,1066.41
429,1687.50,989.68,996.38,989.81,990.75,997.21,1000.69,991.00,1078.82,1008.06,993.18,970.84
430,1856.97,1070.12,1087.36,1078.37,1073.47,1071.49,1081.46,1074.00,1160.26,1082.92,1069.56,1049.82
431,1733.22,972.19,985.68,973.46,978.25,965.83,965.35,985.15,1095.83,1029.02,986.54,1000.39
432,1732.55,1045.23,1033.67,1040.42,1054.76,1047.15,1044.95,1092.66,1146.40,1083.27,1093.77,1082.78
433,1682.22,1001.41,1016.72,1014.26,1024.37,991.04,1004.19,1043.12,1154.56,1090.00,1042.57,1035.21
434,1733.52,1039.70,1039.07,1045.97,1045.63,1038.08,1045.24,1086.84,1345.69,1189.03,1085.16,1069.02
435,1572.04,1022.31,1008.54,1047.07,1022.30,1021.20,1041.45,1053.13,1163.08,1063.24,1050.56,1033.44
436,1720.04,995.04,1001.94,993.97,995.91,994.53,993.63,1016.91,1099.09,992.32,1019.42,962.95
437,1732.03,986.80,995.82,987.25,987.94,976.90,976.04,964.42,1085.42,983.88,964.05,945.19
438,1719.03,1045.14,1052.81,1045.20,1050.19,1047.79,1050.17,1127.62,1134.89,1087.78,1121.43,1098.46
439,1622.13,955.01,965.78,954.01,955.06,950.94,950.89,936.34,999.09,934.20,940.81,932.63
440,1642.19,977.43,976.09,992.51,981.71,969.37,984.13,1005.95,1066.05,993.45,1003.89,992.78
441,1606.68,1022.57,1035.19,1028.10,1027.51,1026.82,1024.61,1097.21,1273.33,1192.10,1096.87,1143.85
442,1794.78,953.36,952.63,960.08,977.71,939.72,946.95,1016.74,1036.63,971.68,1019.89,999.48
443,1672.39,941.11,935.04,942.20,950.28,938.79,938.26,939.32,971.45,921.36,936.75,914.53
444,1792.10,1001.36,1047.74,1008.78,1001.79,1042.80,1053.04,1086.81,1141.03,1051.51,1083.28,1109.09
445,1735.39,1026.24,1039.72,1025.02,1026.20,1025.71,1022.23,1075.57,1182.83,1105.32,1077.16,1094.63
446,1722.40,990.53,1061.28,984.80,990.77,979.87,980.08,976.04,1067.57,964.98,974.49,981.17
447,1609.02,980.83,1012.20,1048.42,982.53,972.09,1039.10,1008.29,1109.52,981.88,1004.67,948.21
448,1789.79,958.33,975.06,963.42,964.05,956.44,962.58,973.16,950.90,938.29,971.73,951.30
449,1721.53,1059.17,1076.90,1060.41,1058.93,1060.28,1058.05,1046.36,1119.37,1061.11,1045.59,1031.02
450,1686.04,1023.16,1017.45,1022.79,1025.87,1027.25,1026.16,1045.67,1089.19,1024.98,1045.56,1003.37
451,1699.90,1002.98,1015.20,993.16,1003.61,990.66,982.66,1050.15,1166.60,1032.70,1048.82,985.50
452,1640.49,947.35,972.39,948.85,949.80,970.95,972.57,997.40,1080.60,972.40,997.13,1024.61
453,1608.72,909.86,917.76,911.86,924.65,902.25,903.27,916.84,1039.33,930.55,916.23,908.81
454,1628.33,878.63,890.79,877.63,879.36,897.95,906.14,907.92,995.09,901.91,905.89,945.46
455,1643.12,1027.83,1037.91,1031.11,1030.32,1036.64,1040.77,1045.91,1092.64,1030.90,1045.22,1012.73
456,1689.13,962.72,947.22,973.91,966.08,960.52,974.52,989.66,1050.49,966.72,991.30,993.22
457,1736.26,1016.95,1016.52,1017.55,1016.59,1013.30,1017.62,1023.48,1179.86,1055.03,1022.06,1033.79
458,1796.45,1035.59,1048.87,1033.27,1035.04,1019.43,1026.15,1041.10,1184.35,1049.71,1043.19,1026.21
459,1707.61,958.19,956.88,965.15,959.39,969.00,974.85,981.67,1186.41,1081.12,981.99,978.66
460,1662.15,988.49,994.83,1004.89,992.13,978.65,998.89,1009.15,1215.35,1075.40,1010.26,975.08
461,1729.37,991.52,1000.96,991.92,994.28,976.33,981.58,974.00,1083.92,992.38,973.44,1032.74
462,1605.78,996.15,995.76,1026.03,1012.43,994.15,1018.74,1021.48,1061.30,1001.86,1028.90,991.78
463,1765.14,1022.04,1033.98,1015.50,1028.46,1020.72,1020.90,1061.09,1198.56,1103.50,1057.51,1059.14
464,1629.92,993.87,988.45,1003.06,994.32,1003.70,1016.92,1030.04,1116.43,1035.47,1031.59,1016.71
465,1808.37,995.14,990.28,1004.01,994.80,990.76,998.05,1005.39,1098.82,1031.24,1004.98,982.07
466,1606.94,934.46,935.21,935.68,959.06,920.26,934.73,935.19,946.53,919.28,935.99,974.35
467,1798.53,1035.65,1051.76,1034.58,1053.65,1027.26,1024.10,1058.06,1113.70,1045.00,1058.35,1009.11
468,1577.88,962.89,963.20,971.76,966.64,951.24,955.60,999.57,1189.91,1037.76,994.59,997.49
469,1845.38,994.86,1024.62,1003.68,1010.22,999.34,1009.55,1024.04,1039.79,995.65,1022.91,1045.22
470,1629.93,1005.46,999.16,1028.96,1006.94,1007.63,1032.48,1044.76,1096.11,1052.92,1040.89,1023.29
471,1595.19,964.36,966.43,969.95,965.32,966.74,973.75,1009.93,1157.74,1041.48,1012.12,1006.58
472,1674.55,926.17,924.96,931.06,926.21,925.15,930.78,916.19,947.37,898.71,913.74,887.61
473,1712.87,1016.27,1028.24,1016.57,1033.22,1019.00,1018.57,1064.55,1148.78,1061.34,1065.90,1053.16
474,1653.78,941.75,944.14,954.13,941.98,951.71,961.79,933.30,1030.67,939.49,934.90,948.11
475,1703.54,994.52,1012.87,995.33,999.33,994.43,994.36,1014.16,1130.46,1024.29,1016.56,1024.58
476,1722.08,1005.35,1000.21,1008.60,1010.52,1008.12,1010.25,1000.47,1106.56,1061.70,1002.52,1021.27
477,1672.29,980.40,989.35,984.96,981.14,968.50,975.27,998.19,1105.49,1019.70,998.91,1038.50
478,1881.05,990.35,989.16,1007.07,992.59,986.38,999.51,998.04,1067.15,989.03,997.49,1001.59
479,1678.81,1007.92,1007.16,1013.39,1007.01,1005.21,1009.35,1014.57,1200.32,1051.51,1009.53,1062.29
480,1574.52,1000.00,1002.92,1036.84,1001.04,984.98,1019.79,984.44,1102.77,1006.07,984.05,953.41
481,1607.42,922.99,922.38,933.23,921.45,919.77,932.97,943.19,1081.78,1036.97,942.49,924.82
482,1666.93,998.68,1003.60,1013.17,998.65,1026.98,1030.15,1032.53,1080.83,1013.80,1034.73,1018.49
483,1622.33,890.96,908.95,892.89,891.70,893.14,886.93,883.42,913.60,873.88,879.89,875.68
484,1713.54,1019.12,1028.96,1020.08,1030.82,1019.97,1017.84,1087.55,1240.82,1151.83,1087.23,1056.77
485,1890.52,1060.61,1109.29,1064.19,1064.78,1065.35,1062.30,1081.66,1135.86,1070.94,1080.64,1071.87
486,1718.64,987.66,999.20,993.19,1021.05,990.88,1000.11,1026.61,1139.95,1033.02,1028.04,1000.07
487,1757.79,968.12,952.63,970.18,969.37,970.12,972.77,962.64,1161.76,1041.98,962.00,986.60
488,1750.15,1053.71,1068.39,1056.19,1055.40,1054.23,1054.77,1088.39,1102.79,1053.78,1089.20,1092.36
489,1771.01,1083.58,1083.86,1092.41,1084.36,1095.92,1098.66,1107.27,1262.81,1160.07,1109.59,1129.57
490,1779.32,1012.78,1030.19,1025.88,1021.29,1016.81,1029.02,1034.68,1098.23,1053.81,1033.93,1081.29
491,1730.08,893.45,891.78,895.12,892.40,882.05,879.75,896.10,911.55,892.99,894.79,879.94
492,1753.40,1026.71,1026.24,1037.23,1027.09,1017.30,1027.22,1062.09,1121.99,1066.71,1062.20,1054.70
493,1661.59,976.41,973.26,985.84,989.95,1014.43,1054.58,1019.96,1147.23,1074.19,1018.71,983.40
494,1703.12,1008.60,1010.00,1044.83,1008.32,1004.16,1038.05,1010.87,1057.12,1009.99,1008.24,996.57
495,1759.60,899.79,917.09,900.80,901.42,900.15,901.45,918.05,950.72,895.49,917.79,900.34
496,1682.68,974.08,969.20,982.57,973.91,969.44,978.25,979.36,1053.08,1001.85,981.53,992.36
497,1637.50,926.64,944.93,922.59,934.90,931.70,926.81,918.54,904.73,910.11,919.02,914.53
498,1564.47,925.71,928.54,930.60,927.43,925.71,936.49,949.78,1003.08,929.40,949.88,913.80
499,1592.98,993.04,992.50,994.88,1005.72,988.85,990.14,1010.65,1080.06,1006.98,1009.65,999.76
500,1652.19,967.96,961.25,969.25,975.91,963.53,963.54,993.37,1067.20,993.63,993.26,992.93
501,1606.53,904.34,899.84,915.44,901.69,917.97,930.54,926.63,1020.45,944.96,927.03,911.82
502,1784.38,1013.99,1038.61,1012.99,1025.11,1010.00,1007.40,1026.88,1105.26,1014.29,1026.21,991.79
503,1523.47,1030.01,1019.03,1088.26,1031.94,1026.32,1083.35,1024.44,1243.49,1073.12,1022.50,1023.41
504,1797.37,997.16,1012.02,994.48,1003.18,1010.32,1004.09,1014.97,1028.71,1001.30,1013.40,990.07
505,1723.85,1029.36,1039.56,1029.28,1028.50,1024.90,1025.01,1015.72,1147.59,1032.84,1019.86,1035.23
506,1732.60,964.71,982.59,969.74,978.47,971.21,982.13,966.11,1085.01,973.37,966.12,955.38
507,1682.45,996.21,1001.75,994.86,1006.32,1008.03,1011.02,1012.33,1063.15,999.40,1012.23,980.28
508,1727.43,1018.27,1032.67,1018.15,1024.68,1030.50,1035.26,1112.56,1195.41,1104.65,1111.02,1055.34
509,1680.42,945.44,1005.42,937.01,944.19,945.30,936.47,952.58,1024.95,934.12,956.06,922.17
510,1606.44,890.55,894.05,892.21,890.40,881.14,886.33,917.23,1081.01,977.98,917.22,889.25
511,1699.20,947.98,957.79,961.89,955.45,941.55,959.14,936.70,1023.98,941.88,935.36,923.20
512,1672.23,896.52,940.09,896.67,896.35,895.13,899.08,894.53,978.05,916.03,893.84,945.84
513,1747.44,1061.04,1062.23,1063.99,1103.60,1059.42,1082.08,1184.46,1154.37,1122.20,1191.37,1133.11
514,1663.53,1014.61,1035.90,1021.92,1024.42,1013.17,1022.83,1019.80,1135.87,1032.71,1017.55,1007.82
515,1783.01,1025.48,1078.41,1027.50,1061.44,1019.17,1021.17,1128.79,1205.93,1136.38,1127.43,1101.96
516,1646.98,962.62,965.18,967.44,964.23,950.51,955.55,976.93,1024.13,956.86,975.52,990.23
517,1785.72,988.08,992.13,1002.62,1003.37,984.53,989.97,1005.34,1076.17,998.11,1004.98,973.55
518,1663.90,988.45,984.43,1003.59,992.56,989.07,1002.59,990.67,1156.64,1067.35,995.53,987.35
519,1687.09,967.15,964.09,967.53,977.07,958.98,961.23,975.11,1180.24,1075.45,977.10,953.86
520,1686.11,1049.64,1058.85,1052.82,1050.02,1044.67,1047.45,1032.10,1133.75,1026.10,1028.29,1047.12
521,1696.41,981.10,1011.53,980.25,994.37,978.75,977.52,1057.68,1140.44,1082.84,1061.07,1006.08
522,1666.04,964.39,964.55,964.18,964.49,976.76,984.26,983.25,1035.07,988.96,981.15,997.06
523,1636.50,980.13,976.59,980.70,983.06,981.35,986.94,982.48,932.34,978.25,984.71,979.33
524,1748.91,986.89,996.81,995.25,996.19,982.68,987.75,998.24,1127.93,1017.09,998.09,954.00
525,1783.44,973.42,973.28,974.24,972.82,965.36,967.11,978.23,1066.50,988.06,974.40,954.43
526,1806.93,959.17,965.75,970.79,986.79,950.81,965.62,985.41,1005.86,944.81,986.41,943.91
527,1723.24,949.60,947.91,954.64,957.54,936.40,938.58,921.20,1001.91,937.78,923.28,909.32
528,1725.86,985.19,1026.53,982.94,1009.37,983.03,986.17,1003.43,1099.60,1029.84,1007.81,975.19
529,1663.14,992.20,992.10,993.79,990.86,993.00,999.03,1037.70,1187.95,1076.14,1036.91,1010.08
530,1867.89,1010.94,1071.40,1026.80,1011.42,1012.31,1026.92,1011.48,1044.15,998.74,1013.91,1018.77
531,1792.28,932.55,953.04,950.55,948.29,931.14,950.87,948.07,1107.95,994.84,953.33,907.94
532,1796.75,1033.88,1046.78,1029.70,1036.67,1029.92,1025.23,1074.46,1120.77,1073.16,1077.09,1069.43
533,1751.74,994.43,995.02,997.17,1025.50,992.33,993.79,1050.03,1119.92,1043.56,1050.35,1025.85
534,1638.37,945.97,946.56,948.14,957.49,944.14,944.09,984.67,1022.76,971.29,987.12,973.00
535,1677.60,993.93,988.48,999.24,1002.07,987.92,991.59,990.14,906.97,992.71,990.31,971.71
536,1844.51,975.89,1034.09,996.14,987.43,984.30,1023.85,1004.55,1020.56,982.65,1002.10,951.24
537,1728.93,1015.78,1038.02,1014.20,1016.04,1033.78,1026.43,1057.28,1052.51,1016.73,1065.39,1049.59
538,1739.26,1023.87,1024.23,1068.98,1023.91,1006.23,1051.30,1008.28,1221.90,1106.21,1008.33,1058.67
539,1754.51,1014.20,1012.25,1016.01,1015.04,1008.51,1010.59,989.40,1093.01,1016.14,988.99,995.12
540,1503.66,972.64,983.20,976.69,981.50,969.13,972.01,1014.22,1209.32,1026.15,1016.50,993.82
541,1741.30,946.17,952.47,950.75,945.44,961.24,960.47,948.11,1144.10,1003.92,950.54,960.66
542,1749.64,958.63,962.86,959.54,955.72,955.30,957.87,1015.01,1064.30,1006.54,1016.53,969.11
543,1588.23,935.09,975.06,935.72,935.00,928.31,927.77,948.21,1093.24,932.82,951.52,917.69
544,1855.47,1034.32,1033.95,1037.00,1044.79,1059.51,1060.69,1079.52,1246.96,1093.81,1083.34,1095.16
545,1724.95,971.12,991.67,967.45,983.06,964.51,965.86,1024.89,1272.03,1135.88,1021.27,1026.33
546,1669.95,934.09,954.02,935.45,934.52,944.65,942.59,930.82,1056.26,971.04,929.59,934.65
547,1762.20,969.15,983.75,981.14,969.05,1008.70,1029.43,1121.47,1206.80,1112.70,1119.74,1068.46
548,1767.71,1071.81,1081.83,1081.57,1093.29,1083.11,1086.26,1130.25,1218.78,1122.88,1128.20,1089.49
549,1725.28,953.74,1013.72,961.06,972.72,938.56,954.73,955.37,1108.35,1027.46,955.91,971.59
550,1609.59,1009.85,1016.93,1010.06,1018.93,1000.76,1002.85,1012.50,1048.77,993.36,1014.91,1030.69
551,1785.22,913.98,932.94,914.58,924.22,923.16,922.44,924.81,1053.27,988.96,923.95,953.50
552,1594.90,1070.39,1056.10,1089.01,1070.34,1065.84,1084.39,1075.95,1157.58,1056.26,1077.30,1069.13
553,1738.99,1013.27,1020.20,1015.70,1014.07,1014.71,1018.80,1020.25,1098.45,1019.28,1020.09,1014.00
554,1812.01,997.60,995.22,1008.91,1002.30,987.69,1003.92,1005.10,1178.62,1031.31,1004.96,1039.22
555,1638.36,966.60,967.21,967.20,970.46,964.30,963.59,960.06,1145.74,1046.15,959.03,980.17
556,1869.44,1004.42,1077.35,1016.13,1004.56,1003.77,1018.72,1025.69,1082.04,1010.69,1024.50,985.16
557,1768.72,972.60,989.12,982.91,971.22,1001.92,1023.65,1045.32,1164.86,1090.16,1044.56,1015.67
558,1762.42,930.71,986.23,923.52,930.58,922.89,917.32,920.70,992.70,911.90,922.28,929.69
559,1648.96,939.25,953.49,938.37,978.96,926.67,924.81,976.53,1038.75,955.37,975.69,919.08
560,1523.02,986.97,975.74,986.43,1000.21,1004.15,1007.78,1040.17,1120.91,1049.20,1037.58,1049.03
561,1719.71,1010.50,1022.08,1009.71,1014.51,1014.09,999.84,1024.18,1217.92,1163.56,1024.32,1052.67
562,1655.11,983.91,1000.62,992.29,1000.78,989.86,999.37,999.12,1092.98,1021.09,1002.41,1003.21
563,1700.65,1026.15,1035.86,1042.69,1035.41,1021.69,1039.30,1032.71,1203.96,1118.69,1032.79,1008.34
564,1608.02,937.41,990.70,937.51,937.67,957.24,947.34,967.26,1071.88,996.06,969.40,952.99
565,1476.31,993.50,996.16,998.47,993.35,988.59,997.05,1009.53,1196.92,1031.05,1011.02,1010.54
566,1661.22,958.37,956.85,965.37,957.34,954.67,960.52,1019.96,1077.71,1025.24,1016.62,998.61
567,1629.84,1021.64,1024.73,1037.09,1022.49,1024.90,1030.93,1022.29,1119.11,1029.77,1021.30,1009.52
568,1813.06,1029.19,1043.97,1024.84,1037.79,1025.79,1021.30,1064.41,1096.98,1036.10,1069.75,1064.99
569,1746.29,888.16,900.96,896.43,892.57,884.59,891.33,910.85,1031.09,942.85,910.57,913.17
570,1854.63,941.09,943.16,954.80,962.48,942.75,957.24,982.01,972.93,950.68,976.46,954.73
571,1862.85,1085.93,1165.36,1117.36,1086.66,1082.35,1114.93,1074.71,1183.66,1101.45,1071.01,1060.45
572,1505.91,981.97,983.89,999.11,988.19,973.64,989.78,958.24,992.02,954.13,959.38,961.41
573,1668.57,989.46,1003.85,989.41,990.27,990.87,993.97,1022.34,1169.57,1047.27,1022.84,964.66
574,1613.29,917.71,933.66,927.38,919.79,928.22,932.19,916.35,975.48,920.43,917.81,949.00
575,1685.15,980.29,993.40,984.58,982.38,979.64,991.60,974.78,1188.99,1068.38,975.92,992.99
576,1740.66,859.93,853.47,861.19,859.50,868.06,867.02,893.70,931.06,876.76,891.84,883.88
577,1871.86,1043.94,1119.59,1032.39,1059.43,1038.73,1025.38,1066.39,1252.94,1140.14,1065.87,1048.90
578,1682.55,1005.51,1031.42,1001.06,1007.57,1002.97,997.37,997.41,1157.72,995.02,995.61,1010.58
579,1786.66,1001.07,999.50,1002.15,999.94,1006.77,1015.77,1012.69,1134.98,1074.62,1014.77,982.42
580,1716.60,967.19,1017.76,970.05,969.60,987.60,989.12,1011.18,1125.30,1047.49,1011.08,937.06
581,1881.12,1018.16,1107.70,1061.30,1015.00,1015.97,1056.67,1001.33,1041.85,1000.58,994.83,976.60
582,1583.25,931.94,916.58,938.96,930.61,929.38,931.86,918.72,1091.43,955.25,918.55,923.57
583,1781.99,1027.35,1017.67,1029.24,1041.03,1010.48,1017.16,1015.04,1136.43,1022.31,1017.46,1016.02
584,1684.37,1024.86,1024.97,1031.34,1024.91,1036.37,1042.81,1030.38,1057.12,1022.15,1029.91,1030.19
585,1686.15,958.19,987.76,956.20,962.08,956.61,956.88,955.23,1067.66,968.38,957.11,980.16
586,1781.03,993.03,990.65,992.45,992.23,1003.34,1015.55,995.43,1034.72,998.29,991.90,978.64
587,1704.21,952.20,950.05,949.00,959.16,945.88,941.57,970.37,1035.38,996.47,972.68,955.52
588,1709.89,1042.45,1031.69,1051.74,1043.90,1039.42,1046.10,1066.24,1104.97,1042.38,1062.30,1044.18
589,1700.37,945.39,969.43,940.60,945.66,943.80,943.95,945.11,1055.94,977.55,947.50,927.97
590,1752.61,1105.08,1116.08,1106.00,1173.77,1099.62,1100.20,1172.19,1229.17,1143.22,1176.42,1134.93
591,1709.21,990.39,998.06,993.74,993.63,987.54,987.73,988.00,1160.83,1056.53,984.36,992.92
592,1727.51,997.01,995.40,996.15,996.69,1001.41,1000.08,1001.79,1155.61,1061.40,1001.43,998.51
593,1791.83,1008.90,1065.59,1005.53,1011.88,1042.93,1043.60,1035.61,1155.09,1046.98,1033.99,1043.62
594,1579.95,931.55,935.40,933.87,931.20,928.30,932.03,948.83,1006.11,936.83,944.80,920.91
595,1668.99,1005.57,1007.42,1006.60,1011.50,1003.27,1002.37,1016.77,1176.60,1073.64,1015.41,1022.58
596,1714.21,1023.23,1035.33,1024.06,1023.51,1017.03,1023.22,1043.44,1069.85,1026.26,1046.32,1066.70
597,1729.60,932.55,934.38,934.82,947.77,966.34,998.86,965.30,1045.66,990.82,964.20,950.83
598,1642.58,940.06,949.54,941.85,953.41,948.39,956.64,969.15,1260.12,1125.86,967.83,1047.19
599,1599.50,867.30,866.65,865.96,870.10,866.29,863.66,927.99,1095.36,940.34,929.17,903.59
600,1668.40,990.78,998.45,990.08,993.90,977.47,977.01,1012.20,1125.94,1038.07,1015.54,1038.94
601,1750.76,909.34,967.63,904.34,908.24,906.83,901.81,928.08,1020.19,939.02,927.01,897.52
602,1765.38,986.97,996.55,998.78,1003.66,983.18,990.38,1073.81,1084.89,1034.06,1072.65,1053.17
603,1652.82,910.90,919.64,921.42,912.08,902.04,906.72,904.23,1016.36,917.85,905.96,895.16
604,1663.62,965.55,963.22,967.24,965.32,963.49,964.67,952.39,1076.05,993.70,951.35,935.32
605,1826.24,1021.88,1036.56,1015.33,1023.42,1015.57,1010.70,1076.49,1194.48,1152.47,1074.78,1104.62
606,1691.42,873.87,889.41,877.84,897.60,856.61,878.91,868.60,1020.91,941.84,864.98,878.27
607,1711.71,961.48,970.20,968.68,963.06,960.03,967.39,968.76,1009.17,961.24,969.32,977.28
608,1648.68,1008.45,1008.19,1029.29,1008.42,1021.02,1036.06,1062.09,1125.65,1037.27,1063.33,1059.56
609,1633.34,943.94,961.58,943.04,975.74,953.64,952.23,979.84,972.02,945.22,980.50,975.42
610,1733.79,1022.72,1022.72,1034.07,1027.89,1025.22,1036.34,1054.38,1192.98,1135.80,1051.01,1035.26
611,1625.73,935.94,936.28,936.67,935.20,945.07,947.98,951.30,1047.94,973.56,948.59,946.69
612,1564.69,861.43,863.12,869.36,877.36,856.87,868.89,873.16,882.41,842.99,872.96,838.60
613,1685.52,988.27,1000.78,987.88,988.23,983.22,982.16,1019.89,1118.69,1061.03,1021.62,987.65
614,1643.80,991.78,985.00,1009.65,989.01,1025.74,1033.18,1024.75,1127.71,1034.54,1026.62,1061.00
615,1723.90,940.86,960.24,949.52,950.96,935.45,945.60,950.14,1093.08,965.72,951.57,928.68
616,1640.42,990.94,998.96,993.20,991.25,980.83,984.63,995.92,1148.03,1030.31,997.25,983.83
617,1751.49,935.07,929.62,943.33,943.62,956.36,965.20,1013.09,1087.75,1014.34,1013.26,977.87
618,1817.42,1078.42,1086.37,1079.16,1078.19,1071.33,1078.94,1073.39,1114.49,1063.25,1072.03,1052.44
619,1787.91,977.88,1018.02,993.16,977.86,973.97,993.28,986.88,1027.99,967.14,986.17,983.93
620,1667.58,981.24,981.44,983.25,990.95,978.65,979.71,1033.33,1078.88,1013.71,1033.17,1002.89
621,1828.33,1047.50,1065.69,1047.74,1048.89,1037.00,1034.98,1063.30,1070.99,1033.07,1062.23,1068.15
622,1813.82,986.21,1008.82,991.94,989.74,974.69,979.47,995.03,1078.02,1006.52,995.31,983.28
623,1644.55,1007.93,1029.24,1007.58,1007.77,996.00,995.64,1040.89,1143.36,1081.92,1034.52,1001.97
624,1678.42,1052.84,1053.73,1064.99,1063.57,1043.33,1054.71,1060.82,1120.22,1071.03,1063.92,1103.17
625,1862.30,1019.96,1037.76,1034.14,1040.24,1012.05,1028.41,1036.71,1099.58,1022.55,1037.66,1000.35
626,1545.80,1019.25,1049.99,1061.86,1028.47,1036.22,1098.57,1053.81,1212.01,1140.30,1054.20,1042.08
627,1853.00,1085.57,1124.04,1089.07,1085.59,1090.68,1096.38,1094.45,1209.97,1103.37,1093.28,1069.22
628,1635.71,1021.39,1018.04,1035.31,1021.36,1034.06,1049.28,1044.65,1169.23,1075.92,1044.55,1044.62
629,1846.98,1013.75,1035.09,1025.89,1016.49,1012.99,1030.46,1009.16,1159.51,1046.89,1009.99,1017.13
630,1740.84,1026.08,1030.63,1032.95,1031.21,1021.96,1027.82,1035.56,1110.73,1039.65,1036.31,1022.55
631,1669.29,926.50,922.46,926.66,927.98,922.93,920.72,972.91,1013.65,933.18,972.53,968.31
632,1781.05,907.31,914.93,907.25,933.51,903.04,905.92,935.26,953.11,909.08,937.10,959.78
633,1616.70,933.35,982.77,932.16,933.64,925.09,925.03,995.99,1153.49,1046.56,992.30,944.24
634,1696.63,866.15,875.75,865.47,899.53,898.46,915.77,945.12,1201.47,1100.69,950.06,948.70
635,1618.94,954.25,949.65,982.78,955.20,952.68,979.76,955.72,1110.46,995.68,955.90,973.83
636,1758.79,1025.27,1039.18,1025.65,1025.98,1009.73,1013.59,1035.32,1154.10,1046.46,1037.63,1029.85
637,1687.94,999.85,1046.43,989.88,1008.69,1040.95,1030.54,1069.69,1159.69,1092.57,1065.06,1036.95
638,1670.14,999.09,1012.73,998.13,999.12,985.37,993.61,974.06,1114.39,998.97,976.35,974.04
639,1756.72,993.47,1007.91,993.97,995.14,1000.30,1002.05,977.96,1077.38,977.52,978.77,973.11
640,1686.71,1077.90,1067.16,1107.13,1078.01,1082.93,1106.77,1118.27,1151.39,1098.71,1117.21,1089.76
641,1759.48,932.79,933.95,935.44,932.73,960.95,973.83,987.60,1069.74,998.61,989.20,976.25
642,1651.40,936.48,936.38,940.58,937.64,932.71,937.31,962.41,1096.99,987.50,965.72,963.79
643,1709.97,1034.10,1031.54,1037.91,1036.72,1027.50,1028.29,1109.17,1200.83,1111.89,1111.96,1063.77
644,1804.61,936.02,952.40,966.75,954.04,922.40,954.65,987.88,1087.31,977.17,988.78,949.10
645,1721.29,947.21,953.55,957.65,966.39,971.42,971.98,1008.15,1101.65,1020.32,1008.13,1008.71
646,1792.82,1058.73,1068.92,1062.56,1057.43,1051.08,1051.51,1058.11,1942.53,1052.69,1063.38,1050.85
647,1761.32,919.48,937.16,916.54,937.06,908.70,908.38,964.12,1137.74,1052.22,966.97,942.45
648,1709.88,965.96,966.94,966.62,977.37,964.28,967.38,991.08,1056.57,968.83,992.81,993.72
649,1635.43,958.53,946.81,973.01,958.71,957.39,971.33,986.34,1047.54,974.29,985.76,965.74
650,1975.23,991.65,1025.17,1017.48,992.24,987.88,1011.28,1038.66,1081.74,1005.51,1039.82,1007.81
651,1602.54,1055.28,1061.46,1066.20,1088.26,1052.71,1067.95,1080.79,1161.92,1080.39,1076.97,1085.99
652,1668.96,1063.43,1062.94,1069.85,1070.11,1058.96,1063.40,1087.82,1138.44,1097.04,1087.88,1103.97
653,1832.80,1001.26,1010.50,1006.15,1007.36,991.57,997.93,984.86,1190.12,1008.83,982.92,998.36
654,1612.68,965.83,966.10,966.10,965.39,978.34,979.34,992.78,1109.00,1041.38,994.04,993.66
655,1629.65,982.29,983.03,985.16,978.13,979.75,979.65,969.31,1080.68,1012.99,970.33,971.16
656,1769.96,1096.07,1138.87,1094.67,1096.06,1107.34,1102.01,1114.13,1138.53,1101.70,1116.23,1094.92
657,1658.02,1012.16,1020.38,1027.20,1035.68,1013.35,1033.69,1047.18,1092.90,1030.16,1047.45,1010.56
658,1730.53,965.20,969.93,970.03,963.10,980.26,984.60,1012.75,1069.19,1004.89,1014.78,998.35
659,1594.09,990.95,984.76,1006.11,990.38,988.57,1000.67,1002.26,1207.07,1123.02,1000.84,996.49
660,1644.18,976.62,973.59,999.88,974.06,998.03,1030.56,994.86,1058.61,987.46,993.88,1027.05
661,1708.34,956.04,961.36,955.56,962.88,948.50,946.40,976.52,1107.77,966.55,976.69,968.37
662,1751.21,1019.54,1035.10,1028.06,1023.02,1014.96,1021.01,1016.94,1161.86,1076.78,1019.29,1006.41
663,1741.29,1022.82,1019.75,1037.26,1026.05,1018.32,1034.24,1061.71,1157.73,1083.05,1066.47,1059.99
664,1729.76,925.20,918.67,918.67,936.29,927.64,923.00,982.69,1124.82,1019.78,982.37,946.33
665,1667.85,946.87,947.02,947.45,948.72,947.04,954.76,953.29,927.33,925.57,951.56,963.55
666,1712.39,912.05,912.31,915.57,917.78,992.90,991.53,980.03,1014.91,982.75,983.76,969.83
667,1596.96,1000.61,1043.51,998.85,996.71,1006.83,1005.44,1013.84,1144.09,1050.81,1013.69,1036.30
668,1579.16,953.27,971.90,958.23,960.87,957.19,955.16,991.08,1080.85,992.33,994.09,970.86
669,1718.65,949.39,973.10,950.84,966.76,953.69,954.24,988.99,998.93,970.66,990.11,1000.85
670,1808.05,1035.60,1035.33,1038.79,1036.73,1031.49,1035.99,1043.80,1072.30,1037.47,1046.58,1046.18
671,1726.50,1021.29,1031.46,1020.84,1022.31,1016.61,1016.94,1029.35,1132.31,1052.40,1030.21,1006.34
672,1768.83,1091.08,1155.74,1085.56,1095.11,1089.37,1080.15,1091.82,1175.30,1094.09,1091.97,1070.00
673,1502.26,1004.31,1002.39,1040.35,1001.07,998.55,1037.35,1005.14,1051.80,1002.34,1005.25,988.99
674,1693.06,872.05,873.30,873.51,890.60,873.48,871.66,916.39,1070.85,942.71,916.98,937.48
675,1694.33,966.12,976.72,963.12,965.23,953.47,951.77,992.02,1047.36,960.16,992.80,979.03
676,1530.49,976.27,978.43,983.33,976.87,976.65,985.81,983.27,1130.61,1040.29,984.28,999.11
677,1729.22,1056.53,1063.34,1057.30,1059.86,1053.43,1052.95,1074.80,1166.79,1093.44,1073.38,1084.50
678,1703.95,928.60,940.28,930.67,933.52,918.10,914.34,939.92,1079.61,972.14,942.50,905.47
679,1752.09,952.99,964.37,952.92,952.68,958.89,950.39,1008.32,1115.80,1030.83,1007.36,1006.85
680,1672.94,937.48,946.19,935.85,939.45,933.50,933.30,946.05,1033.73,965.15,945.38,948.60
681,1882.78,918.05,934.18,915.68,919.01,917.67,916.35,952.39,1051.28,958.78,952.39,919.53
682,1676.63,1013.00,1022.35,1016.18,1011.71,1010.34,1020.14,1012.48,1108.58,1017.65,1014.40,1032.77
683,1684.35,953.82,985.37,961.50,967.23,955.48,962.10,1042.19,1037.00,1003.82,1042.32,973.25
684,1844.74,1054.72,1059.02,1060.06,1065.49,1052.72,1056.56,1097.95,1177.36,1105.76,1098.65,1115.67
685,1679.98,992.99,992.48,999.26,993.47,992.36,1002.82,994.97,1192.81,1084.56,993.83,994.28
686,1589.43,946.82,950.72,949.03,948.08,957.55,955.61,950.38,1078.72,956.23,950.03,968.47
687,1622.11,940.63,940.62,941.53,943.78,937.30,940.12,950.52,1000.66,936.01,955.14,947.90
688,1661.87,978.80,982.63,984.33,984.95,1004.18,1019.58,1022.97,1230.67,1058.56,1024.67,1015.50
689,1688.77,947.95,962.74,948.84,949.84,957.79,964.81,965.90,1104.75,985.30,966.31,958.74
690,1704.01,960.73,955.40,971.64,970.98,958.45,968.06,978.91,1162.31,1079.67,974.39,956.81
691,1678.06,908.89,907.86,915.16,910.77,947.59,956.71,981.91,1096.81,987.48,984.56,975.73
692,1675.77,959.04,979.01,961.20,957.55,958.75,963.62,967.25,1111.65,1014.80,967.40,970.53
693,1861.36,1065.15,1072.03,1068.65,1085.63,1063.97,1070.83,1089.58,1185.98,1108.14,1087.88,1073.80
694,1739.31,985.37,976.59,992.04,994.43,989.38,1007.02,1002.60,1035.07,979.46,1003.18,1021.43
695,1640.74,1001.92,999.92,1003.12,1005.28,993.45,994.88,1002.33,1116.54,1021.53,1000.62,986.40
696,1669.25,933.46,939.61,938.96,947.60,913.83,927.39,934.99,974.89,922.77,940.91,942.88
697,1662.06,949.46,962.03,951.39,949.51,974.29,973.87,986.64,1022.02,974.55,988.54,959.48
698,1698.28,1000.40,1016.70,999.08,1000.40,982.36,985.62,992.87,1084.00,986.31,996.02,957.14
699,1833.67,946.09,946.18,950.79,946.07,952.05,970.37,980.46,964.03,948.52,981.28,976.10
700,1700.04,988.66,1005.48,991.99,1006.36,982.79,986.63,996.73,1138.27,1048.34,999.69,966.45
701,1760.07,1013.43,1014.32,1014.22,1059.31,1002.67,1007.57,1040.80,1107.77,1034.80,1042.67,1002.44
702,1741.29,1053.05,1057.23,1054.13,1065.34,1048.40,1053.50,1054.36,1093.22,1044.65,1055.15,1060.62
703,1657.24,957.44,1021.57,954.10,955.42,946.72,944.18,975.79,1091.10,990.29,973.92,956.44
704,1700.61,1041.04,1041.93,1041.24,1045.01,1035.45,1039.67,1041.99,1136.80,1039.53,1041.64,1054.55
705,1599.13,930.43,954.53,931.96,930.30,923.40,921.22,921.44,1007.60,921.10,920.47,972.06
706,1729.40,1037.77,1053.66,1040.12,1052.91,1025.97,1024.71,1069.28,1113.99,1062.30,1071.55,1062.01
707,1625.03,1020.47,1018.17,1034.74,1020.43,1018.33,1033.08,1031.32,1171.83,1029.79,1029.89,1011.64
708,1712.28,1039.36,1037.57,1043.43,1077.35,1046.79,1046.92,1096.23,1143.82,1073.71,1099.14,1054.46
709,1666.86,986.63,988.11,996.81,989.01,976.28,995.12,992.34,1181.54,1091.18,993.41,973.39
710,1708.45,984.55,986.67,991.16,1001.63,974.76,984.16,1003.16,1037.07,984.98,1005.71,975.61
711,1712.58,999.60,1003.71,1001.43,1000.92,995.31,997.57,1030.82,1129.14,1028.53,1028.61,1033.17
712,1710.14,969.71,976.44,970.47,971.62,969.73,968.77,991.36,1016.91,969.72,987.89,944.64
713,1796.25,1001.92,1001.78,1005.78,1000.10,993.51,997.12,1026.86,1161.01,1067.66,1025.01,987.34
714,1733.41,1022.85,1022.90,1035.84,1039.89,1018.51,1027.27,1037.83,1042.84,1016.54,1038.81,1033.77
715,1684.17,1023.62,1031.13,1029.91,1023.99,1023.59,1028.72,1028.39,1147.42,1053.33,1027.15,1010.18
716,1772.30,969.35,985.79,968.38,977.78,964.01,965.53,990.19,1110.76,1007.59,991.80,955.09
717,1728.03,952.95,950.32,954.50,953.02,970.33,959.64,982.36,1101.40,988.13,984.94,977.34
718,1624.78,1002.99,1003.39,1017.56,1005.40,999.77,1015.33,996.21,1067.69,990.54,997.71,1021.17
719,1710.12,923.57,942.58,919.44,930.27,924.31,921.07,931.64,1023.90,923.52,934.33,920.04
720,1671.57,1001.25,1014.63,1010.66,1001.25,997.54,1007.65,1003.93,1103.49,1026.59,1007.60,1013.58
721,1690.67,1047.04,1059.48,1043.85,1047.63,1044.99,1043.11,1051.31,1153.49,1083.73,1048.52,1023.94
722,1838.37,1033.27,1100.79,1032.17,1041.24,1026.33,1027.17,1055.57,1195.55,1087.44,1053.94,1037.98
723,1786.02,1021.54,1036.45,1025.17,1061.78,1037.54,1037.64,1098.66,1188.78,1104.48,1102.20,1049.07
724,1688.22,943.51,953.50,940.85,942.75,964.79,952.84,951.51,988.77,948.26,951.97,1010.33
725,1814.54,983.14,1004.87,984.04,982.97,997.50,987.79,975.12,1055.29,990.25,976.25,985.83
726,1734.30,944.54,1004.85,941.76,948.17,940.30,938.40,937.23,968.45,944.31,938.75,923.39
727,1770.20,1052.14,1064.04,1049.81,1051.17,1049.19,1043.37,1041.29,1102.60,1040.10,1040.39,1039.85
728,1490.80,890.27,888.15,895.44,893.89,938.46,976.46,931.45,962.37,917.88,925.69,942.42
729,1759.71,969.42,990.74,968.80,987.03,957.08,957.00,1004.47,1084.71,1004.38,1006.93,962.16
730,1734.74,928.77,942.74,926.02,940.99,940.68,932.72,997.22,1107.33,987.23,992.71,939.04
731,1599.30,997.76,1007.37,1003.98,998.36,1003.46,1020.69,1006.95,961.43,972.50,1005.51,1013.24
732,1658.03,981.33,979.50,983.80,993.15,971.88,975.62,964.22,1157.98,1067.94,964.25,968.94
733,1817.63,969.12,1049.79,995.22,974.28,965.85,991.96,970.30,1051.25,978.94,972.60,970.70
734,1690.02,975.32,976.39,976.78,976.76,967.09,965.39,967.69,1026.41,992.10,966.92,976.87
735,1858.02,993.68,993.63,993.68,994.00,1006.71,1000.91,1021.55,1109.05,1034.86,1020.32,984.35
736,1649.28,928.76,925.49,932.70,931.22,922.79,925.24,960.00,1048.26,939.88,957.24,950.06
737,1717.43,892.55,908.94,902.51,901.41,885.47,890.20,937.87,1085.42,986.09,932.98,880.99
738,1651.62,918.89,928.68,918.60,924.24,909.51,912.12,973.27,1123.69,1016.34,967.64,957.56
739,1746.24,987.70,1002.91,984.49,987.66,987.45,996.67,993.53,1103.31,1031.03,994.13,968.40
740,1611.34,934.24,939.79,935.80,945.81,938.00,943.47,949.05,1032.21,936.22,950.77,955.49
741,1593.44,963.22,954.39,962.00,969.40,957.02,953.71,1002.69,1248.63,1089.74,1003.47,987.18
742,1665.57,931.74,947.55,930.94,942.96,928.38,921.67,927.79,1001.45,923.58,929.44,964.76
743,1739.52,990.54,1058.57,1010.66,998.97,994.71,1015.44,1044.98,1052.08,995.72,1047.24,1014.23
744,1624.28,960.77,970.80,963.03,961.45,954.94,959.44,966.00,1166.74,1058.12,963.74,983.59
745,1611.24,954.29,968.66,984.53,967.67,957.68,983.85,999.24,1048.40,995.13,995.16,1013.98
746,1664.58,903.47,911.75,906.07,907.40,893.47,896.36,900.68,1040.19,919.85,902.55,894.41
747,1711.58,999.66,1032.62,1021.82,1010.42,996.22,1016.01,1027.54,1128.62,1029.56,1026.59,1042.97
748,1645.30,1004.51,1040.28,1003.81,1008.07,1004.56,1001.82,1063.05,1127.37,1050.42,1061.93,1040.67
749,1812.21,1005.25,1062.15,1001.33,1007.01,1004.24,994.41,1014.86,1120.68,1044.18,1013.93,993.37
750,1696.82,1011.18,1055.90,1023.44,1016.37,1003.59,1017.47,1009.44,1078.60,1012.84,1014.27,994.12
751,1693.63,1029.59,1054.26,1028.18,1036.74,1036.55,1046.87,1065.21,1129.55,1060.87,1067.51,1061.91
752,1562.25,1020.50,1019.93,1043.73,1029.79,1018.56,1042.44,1029.84,1170.23,1060.84,1027.63,1012.47
753,1825.68,1026.09,1040.22,1033.17,1026.51,1017.84,1025.22,1036.48,1204.79,1091.12,1037.84,1043.42
754,1534.05,944.83,929.07,954.74,941.68,940.40,953.50,946.27,1152.90,1049.92,943.62,948.77
755,1579.03,972.41,972.56,975.60,1002.69,965.90,970.38,1013.02,1092.61,1020.41,1016.33,982.06
756,1702.13,980.95,980.25,983.48,980.86,988.99,989.63,1003.94,1138.70,1058.22,1004.84,1028.75
757,1726.00,1024.77,1066.92,1021.84,1018.22,1028.15,1025.60,1042.24,1053.67,1015.73,1040.16,999.66
758,1679.76,1019.18,1030.85,1018.65,1019.13,1015.52,1014.10,1028.88,1076.98,1016.06,1029.62,1015.30
759,1535.95,991.54,986.80,999.85,994.74,1010.94,1006.24,1058.79,1091.88,1033.25,1058.65,1037.70
760,1626.53,950.16,948.16,949.16,950.18,940.93,940.21,976.71,981.18,947.10,976.33,964.38
761,1705.02,978.84,997.91,974.73,988.99,972.21,969.53,1065.38,1139.90,1064.55,1070.22,1024.41
762,1772.72,1003.56,1020.33,1000.65,1003.41,1049.51,1086.69,1061.63,1174.65,1106.34,1064.59,1040.54
763,1608.94,1039.99,1047.32,1046.33,1048.65,1059.07,1066.84,1068.13,1147.59,1057.34,1069.92,1032.32
764,1806.71,1005.35,1003.97,1006.54,1005.30,1009.90,1008.96,994.78,1110.01,1029.56,996.19,1002.08
765,1698.73,1014.85,1034.90,1017.84,1014.70,1019.29,1024.28,1112.21,1218.77,1116.73,1110.74,1094.41
766,1818.92,1057.50,1063.83,1062.87,1058.16,1073.65,1063.40,1100.81,1168.51,1096.88,1098.91,1062.17
767,1815.69,959.91,954.21,961.18,964.47,962.62,970.92,1016.26,1099.48,1004.57,1020.85,983.59
768,1666.26,1020.14,1037.10,1023.13,1028.24,1019.27,1025.99,1039.91,1102.91,1046.43,1042.02,1020.43
769,1741.95,1008.09,1042.50,1018.25,1017.33,1005.19,1015.86,1028.06,1078.05,1022.03,1028.00,1025.77
770,1666.60,1000.19,1001.29,1020.19,1003.49,997.57,1018.16,1041.30,1118.12,1051.17,1042.66,1004.35
771,1642.49,976.61,982.35,977.02,977.44,978.55,976.54,1002.49,1149.79,1032.09,1006.32,997.61
772,1736.57,1040.75,1040.63,1047.14,1057.70,1045.78,1054.56,1084.73,1222.66,1136.69,1083.41,1063.74
773,1779.73,944.60,954.43,958.36,987.91,937.10,952.99,991.44,1094.59,1000.92,989.04,959.02
774,1718.06,1007.88,1007.96,1009.05,1008.74,1029.47,1031.33,1035.41,1087.76,1016.93,1032.94,1053.54
775,1722.44,1037.85,1035.29,1046.30,1037.40,1032.01,1043.35,1057.16,1149.89,1062.39,1060.06,1073.65
776,1663.47,965.54,973.36,963.56,973.87,952.40,950.73,973.33,1092.30,1010.22,976.82,960.26
777,1693.08,992.70,992.76,991.08,992.64,986.27,985.48,985.05,1127.97,992.43,985.74,996.89
778,1727.43,1029.42,1037.55,1032.40,1030.06,1022.81,1022.81,1063.72,1163.47,1063.14,1065.88,1033.91
779,1751.84,1077.46,1084.63,1081.20,1079.35,1084.10,1089.59,1088.22,1300.39,1160.79,1086.34,1082.77
780,1626.02,990.11,1002.64,999.35,990.22,1002.92,1014.11,1030.68,1141.50,1080.86,1034.98,1031.89
781,1789.47,947.10,947.36,947.60,946.93,930.26,934.31,931.04,1077.45,962.32,930.16,924.36
782,1716.68,1000.22,1010.32,999.30,1005.66,1000.61,1009.61,1023.57,1134.18,1048.88,1023.94,997.34
783,1781.29,1056.70,1118.76,1067.87,1067.10,1053.69,1063.91,1076.17,1069.30,1053.76,1075.83,1048.52
784,1640.73,965.61,962.02,969.48,974.20,988.31,979.73,1026.76,1114.26,1006.69,1027.22,1025.30
785,1632.16,1055.37,1048.05,1060.80,1054.19,1076.09,1124.17,1082.07,1194.46,1120.30,1081.92,1089.04
786,1637.59,1004.92,1004.49,1009.90,1008.02,1008.95,1022.17,1019.79,1117.01,1015.42,1021.03,1010.18
787,1610.87,980.56,977.41,981.36,981.21,965.72,967.24,966.32,981.73,972.22,964.53,979.64
788,1554.29,946.81,940.06,950.29,963.62,943.89,946.74,988.60,1218.30,1114.49,985.57,1003.58
789,1625.96,926.42,921.78,924.98,948.43,926.03,922.20,950.24,1058.95,1026.13,949.84,973.77
790,1740.57,1026.64,1018.40,1045.42,1030.91,1069.57,1096.16,1085.86,1254.67,1145.16,1087.54,1069.99
791,1801.85,1034.51,1049.73,1040.92,1059.83,1023.71,1029.48,1068.68,1284.22,1164.70,1068.61,1064.85
792,1651.53,995.33,992.99,1010.97,1008.90,982.73,1002.61,1003.61,1028.52,977.86,1002.97,1005.68
793,1769.03,953.56,945.62,954.79,953.62,945.88,948.61,949.97,1098.81,1000.79,949.19,961.40
794,1801.05,1059.40,1075.99,1057.49,1059.35,1051.96,1051.38,1047.22,1140.70,1073.75,1043.30,1024.59
795,1733.24,995.87,998.37,998.95,1001.89,1000.96,1002.64,1044.59,1201.61,1111.11,1042.76,1042.92
796,1643.28,973.30,987.04,981.23,973.63,969.64,980.65,1009.71,1070.45,1010.71,1009.12,1010.29
797,1808.38,963.78,964.41,965.29,972.06,995.47,985.65,1036.03,1138.32,997.02,1035.14,1008.76
798,1703.73,922.93,929.27,927.91,923.18,919.17,922.86,901.94,989.47,906.09,900.01,890.91
799,1587.80,966.82,963.71,1009.99,969.01,960.73,1000.76,978.96,1028.01,955.37,979.48,992.53
800,1813.98,971.01,972.28,980.18,971.30,966.73,976.82,989.80,1035.04,983.00,988.82,965.50
801,1714.55,952.94,982.20,952.87,956.36,957.60,962.03,955.90,944.97,953.05,955.45,943.19
802,1807.59,983.86,996.20,992.45,983.58,982.58,990.78,999.73,1097.55,998.48,1000.69,991.69
803,1810.38,959.94,970.20,974.96,960.29,950.67,968.45,980.40,1138.04,1027.75,976.37,951.20
804,1715.05,1024.67,1022.57,1027.96,1032.96,1029.81,1037.26,1044.86,1215.49,1139.73,1046.29,1045.16
805,1607.65,942.55,960.33,949.41,943.66,935.92,938.59,954.34,1026.97,944.41,950.13,935.76
806,1554.57,874.29,875.40,875.44,874.79,862.13,874.07,877.46,985.36,894.49,876.48,896.31
807,1719.49,1004.73,1013.50,1006.22,1004.56,997.42,1002.00,1010.01,1112.58,1017.51,1011.01,982.80
808,1656.91,975.27,1011.40,974.67,975.87,968.69,969.79,977.08,1113.05,1050.38,978.13,971.34
809,1586.24,1009.34,999.27,1063.88,1019.44,1008.82,1061.98,1022.83,1212.78,1092.41,1021.86,978.44
810,1604.19,1000.95,983.52,1025.81,1050.47,1000.04,1021.00,1090.67,1204.09,1092.58,1087.04,1058.44
811,1830.70,982.20,995.50,982.36,982.21,974.51,978.53,970.97,1035.02,969.31,972.61,959.61
812,1707.02,958.35,971.94,974.54,959.15,957.02,972.57,970.76,1080.89,962.89,968.44,965.61
813,1675.89,950.92,960.01,951.20,968.17,953.17,945.74,1005.02,1088.54,1010.81,1004.02,978.39
814,1691.61,975.80,983.17,977.00,995.12,1004.81,1016.53,1001.44,1058.28,1022.10,1004.04,993.80
815,1607.67,999.57,1005.92,1011.52,1061.28,983.18,997.99,1053.44,1217.04,1087.98,1056.86,1017.47
816,1804.70,1071.64,1087.65,1069.34,1072.74,1059.47,1060.10,1054.11,1281.51,1170.77,1056.09,1040.75
817,1689.80,984.17,975.71,985.91,985.85,985.80,983.53,979.35,1055.81,987.47,976.05,1008.07
818,1698.49,991.99,1004.88,991.61,1027.27,987.82,1006.70,1046.72,1126.75,1079.87,1049.91,1028.00
819,1797.82,1008.21,1023.34,1018.50,1006.89,997.31,1009.53,1017.34,1231.37,1143.83,1018.97,1032.15
820,1696.05,901.45,922.29,906.66,909.81,906.46,910.26,945.35,996.74,930.77,947.32,930.34
821,1768.67,1030.82,1043.87,1026.45,1030.73,1027.17,1021.88,1068.95,1175.56,1086.98,1070.85,1040.40
822,1756.05,1060.30,1115.44,1057.79,1059.97,1075.34,1062.40,1137.85,1250.66,1114.20,1137.16,1110.87
823,1680.41,986.98,1033.25,984.03,1032.01,981.01,983.33,1027.30,1104.37,1026.46,1025.99,1000.51
824,1751.35,955.71,972.29,965.29,955.15,969.81,979.39,974.82,1053.42,989.39,975.13,947.35
825,1651.41,980.88,980.99,981.38,980.07,963.92,964.65,976.01,1094.86,971.13,977.13,1023.25
826,1731.86,930.71,963.92,934.24,931.00,930.64,933.26,955.93,1041.33,964.90,958.86,956.27
827,1762.60,989.83,1034.68,986.17,989.88,981.75,977.83,979.53,1056.80,977.44,980.87,936.44
828,1804.63,983.63,997.92,981.51,983.12,972.50,966.93,1027.60,1077.53,1022.84,1029.01,987.04
829,1683.60,985.23,986.74,987.32,986.07,974.64,983.89,1007.73,1055.95,984.80,1007.56,984.23
830,1811.51,1035.09,1044.99,1039.37,1050.35,1031.38,1031.80,1031.58,1133.16,1047.24,1032.39,1041.92
831,1626.70,975.99,976.70,982.58,976.58,994.27,1000.26,992.30,1118.31,1026.27,995.41,992.10
832,1562.40,1011.75,998.38,1052.93,1012.11,1000.32,1044.75,1021.51,1106.52,998.37,1018.52,971.56
833,1807.96,958.72,978.11,980.58,957.52,955.18,982.42,985.51,1129.98,1044.52,985.06,976.57
834,1716.44,955.77,970.02,951.52,958.16,958.19,942.70,956.10,1059.57,982.44,954.96,930.75
835,1680.57,1003.94,1009.87,1002.67,1004.50,1005.51,1005.95,1030.88,1078.38,1014.66,1029.72,1006.43
836,1792.42,977.07,982.35,975.99,979.76,970.81,966.84,958.32,962.24,944.26,957.87,944.76
837,1730.22,948.46,943.92,947.92,946.93,952.49,952.94,973.47,1101.22,974.16,973.41,965.88
838,1694.77,998.88,1011.96,998.54,1004.10,993.41,992.08,988.32,1018.21,980.78,989.79,1001.92
839,1588.86,1026.05,1024.17,1026.09,1068.61,1020.15,1018.57,1070.77,1131.10,1065.63,1069.27,1029.25
840,1812.70,1057.20,1072.96,1063.09,1057.42,1055.40,1056.11,1053.54,1232.13,1071.25,1050.49,1064.23
841,1792.97,910.22,924.38,915.64,914.25,907.33,913.84,925.91,1003.55,917.93,926.71,900.83
842,1664.41,979.68,979.65,979.60,984.73,989.92,994.12,991.55,1111.11,1029.10,991.10,1001.97
843,1667.55,966.14,970.20,966.54,975.87,972.66,974.16,1019.36,1157.41,1059.75,1021.60,1010.33
844,1827.97,1090.00,1141.10,1105.36,1107.61,1087.88,1098.76,1102.94,1116.01,1083.17,1104.31,1075.63
845,1721.12,952.12,952.12,961.20,964.73,946.45,955.50,984.83,1100.25,978.28,985.55,946.99
846,1746.83,990.38,1026.56,990.43,995.58,1004.41,994.96,1024.11,1108.05,1018.60,1026.19,1021.18
847,1472.20,950.14,980.37,962.11,950.69,941.93,961.38,959.11,1026.34,966.83,957.56,954.77
848,1697.61,1008.61,1010.54,1009.55,1009.91,1023.16,1029.16,1073.83,1127.13,1070.19,1075.26,1099.00
849,1640.32,998.49,1031.65,997.09,1005.16,992.54,989.64,1005.38,1156.06,1026.94,1006.22,995.08
850,1768.56,924.51,923.66,931.82,925.43,905.28,914.02,946.40,990.79,918.80,945.89,956.95
851,1731.72,989.73,987.16,998.60,996.06,981.57,992.66,993.13,1093.33,1001.24,994.08,977.71
852,1580.28,975.76,1029.86,970.23,975.92,983.77,982.78,1030.57,1076.67,1017.13,1030.17,1009.44
853,1739.85,920.77,919.63,924.06,921.25,930.95,941.22,968.12,1120.15,1000.44,963.05,936.67
854,1787.99,973.80,989.34,972.49,992.40,977.62,973.02,997.88,1037.82,983.04,997.09,982.65
855,1761.16,990.98,1002.35,1004.04,1045.09,977.42,994.53,1035.22,1121.57,1031.31,1026.53,1010.77
856,1716.34,970.50,985.61,970.27,970.43,966.31,962.97,978.07,1046.22,974.12,977.65,952.67
857,1806.93,963.88,961.23,966.01,966.76,971.55,973.58,986.84,1071.73,994.05,983.75,962.88
858,1624.49,986.23,981.66,1012.71,990.56,982.53,1004.15,1007.71,1076.72,962.14,1007.57,954.01
859,1678.64,1008.92,1015.65,1020.42,1010.61,1006.49,1017.79,1018.32,1189.90,1109.40,1021.21,1009.03
860,1925.45,1034.32,1099.40,1027.43,1062.11,1046.29,1039.16,1090.20,1197.33,1109.12,1094.11,1061.37
861,1674.64,970.13,965.39,971.17,977.57,963.34,964.67,971.70,1169.84,1080.11,969.85,940.33
862,1556.77,950.99,948.23,976.11,951.85,949.71,973.29,961.85,1027.49,960.18,959.65,964.88
863,1819.89,1033.75,1040.27,1034.88,1039.17,1021.67,1019.83,1034.79,1139.13,1034.44,1038.99,1038.99
864,1603.37,1005.64,1001.86,1030.30,1020.15,1004.96,1024.60,1000.65,1000.01,985.21,1001.99,996.46
865,1633.29,959.69,961.15,971.55,960.52,959.97,972.72,1015.15,1033.38,980.25,1015.32,1035.59
866,1669.06,915.25,961.72,909.77,944.36,912.66,907.00,942.57,960.58,942.66,943.34,912.94
867,1745.73,996.00,1044.38,991.25,1016.64,991.03,990.12,1027.74,1036.34,987.12,1026.29,983.70
868,1743.18,1004.00,1039.97,995.81,1006.68,998.07,989.19,998.69,1170.27,1053.51,998.40,996.76
869,1615.63,939.52,947.44,939.33,939.79,948.37,944.16,959.63,1093.38,1000.28,957.64,974.81
870,1739.92,1063.24,1120.25,1056.76,1061.71,1076.96,1064.64,1065.97,1161.89,1086.72,1062.57,1066.71
871,1688.78,997.43,1004.28,998.93,998.72,994.37,996.20,997.36,1061.65,987.74,996.76,971.28
872,1612.83,910.58,919.35,911.01,910.58,901.06,902.02,928.37,918.69,889.31,922.97,907.72
873,1563.40,945.83,933.59,963.99,959.71,956.95,971.87,966.96,1275.25,1183.54,967.06,1026.69
874,1648.96,998.92,1033.39,1005.13,1008.48,992.99,1002.31,1004.05,1086.77,1006.47,999.54,1024.46
875,1764.40,1006.94,1017.67,1007.33,1052.82,991.84,1001.63,1047.49,1086.42,1040.34,1044.04,1036.74
876,1610.74,935.99,939.57,936.27,949.16,930.89,929.79,967.62,1069.00,985.58,965.85,967.99
877,1811.20,1046.16,1069.72,1043.55,1091.50,1041.78,1037.01,1102.07,1212.25,1079.89,1102.75,1053.37
878,1722.94,1003.45,1008.65,1012.43,1003.69,1011.18,1031.73,1025.38,1055.65,1013.72,1027.61,1037.94
879,1646.28,877.30,940.27,876.34,877.10,866.59,869.30,919.25,980.03,904.67,918.56,926.72
880,1561.50,958.54,945.33,960.31,958.72,990.86,989.13,999.69,1029.43,984.79,1000.03,1026.92
881,1657.71,1084.67,1099.52,1085.58,1100.86,1091.84,1096.28,1124.66,1248.35,1154.67,1124.08,1132.17
882,1783.08,940.05,936.11,943.14,946.52,933.90,935.05,956.09,1073.48,974.85,957.31,947.62
883,1757.46,987.65,1001.70,991.84,988.25,980.77,985.15,992.53,1065.77,998.81,993.21,968.91
884,1616.93,940.19,940.17,948.45,943.95,935.11,942.67,943.57,975.58,932.54,942.30,954.36
885,1622.58,940.89,948.63,940.76,941.85,933.32,941.66,958.99,1067.38,976.90,962.99,962.30
886,1666.17,910.26,910.21,917.43,910.76,900.63,909.97,904.74,1030.06,952.57,900.11,906.22
887,1816.34,1008.81,1007.70,1015.03,1014.15,1018.00,1031.67,1025.43,1106.45,1047.88,1028.54,1046.37
888,1701.21,968.50,964.01,968.94,969.86,956.18,957.26,948.23,1109.00,1001.90,949.70,984.84
889,1753.13,1044.03,1043.57,1045.21,1043.86,1039.86,1052.74,1057.36,1111.52,1053.77,1059.13,1059.05
890,1749.46,937.11,937.36,948.81,936.32,943.88,978.93,928.62,1029.62,940.44,927.43,963.41
891,1806.86,1054.34,1067.97,1053.07,1053.00,1047.15,1043.10,1023.10,1096.49,1040.80,1022.61,1030.21
892,1730.94,968.83,992.99,978.71,973.07,968.72,975.56,972.21,983.34,968.73,970.68,967.79
893,1702.00,1006.57,1055.56,1008.78,1006.61,1005.59,1010.37,995.98,1065.23,997.90,998.45,962.68
894,1686.73,973.47,974.03,975.45,973.39,965.24,969.50,1014.97,1097.77,1020.69,1011.01,1016.15
895,1755.20,1055.83,1071.49,1051.04,1087.00,1065.05,1051.14,1100.52,1133.62,1083.97,1099.52,1101.02
896,1733.65,955.24,985.85,956.98,961.05,950.81,958.04,974.15,1031.42,953.76,971.66,946.31
897,1739.46,996.07,1022.61,998.05,996.43,996.05,996.72,1024.53,1094.37,1040.78,1026.30,990.91
898,1648.76,805.39,804.21,806.50,816.06,800.75,803.91,837.55,947.33,861.91,834.21,835.58
899,1713.71,969.63,966.79,971.05,969.52,973.84,975.36,956.63,1093.11,1007.73,958.11,982.62
900,1645.75,975.79,989.05,975.38,994.05,969.90,972.35,978.43,1166.68,1050.07,978.27,1009.17
901,1727.74,955.59,957.78,956.05,959.02,943.36,951.20,959.28,1067.29,969.30,959.03,954.01
902,1621.21,1024.12,1029.20,1047.92,1024.54,1025.11,1046.53,1024.62,1106.11,1025.65,1024.18,1027.72
903,1650.17,995.47,985.75,1004.58,997.17,986.98,992.95,1032.77,1257.27,1157.37,1033.96,985.27
904,1793.12,899.19,901.23,899.98,946.55,893.00,893.71,921.43,949.60,897.16,918.57,925.09
905,1711.31,955.07,952.68,957.72,965.29,953.20,956.97,1005.39,1115.16,1005.84,1004.09,994.65
906,1761.04,992.16,986.04,998.33,1009.80,986.05,994.28,1008.23,1011.08,983.37,1008.01,979.20
907,1834.41,1045.89,1062.64,1059.82,1061.81,1040.55,1056.52,1076.65,1108.06,1058.45,1076.74,1065.30
908,1594.94,1022.61,1048.76,1052.42,1021.09,1031.61,1056.78,1034.94,1158.33,1030.63,1030.04,991.63
909,1680.89,973.88,986.91,970.74,972.91,968.59,971.59,964.78,984.98,940.38,968.41,932.15
910,1631.90,1008.69,1005.22,1038.61,1008.64,999.87,1031.03,1025.62,1212.72,1028.74,1023.99,1054.35
911,1778.67,981.28,1032.70,981.49,983.81,989.65,988.52,1006.48,1127.41,1005.29,1005.13,991.82
912,1686.71,962.08,961.78,960.33,962.24,975.29,975.57,984.20,1215.71,1050.24,983.74,965.14
913,1773.77,963.39,959.78,966.81,979.16,962.21,969.85,959.98,1168.53,1070.49,961.38,933.61
914,1606.05,935.34,930.70,932.34,935.40,925.69,923.24,932.48,992.59,926.28,931.46,936.53
915,1713.22,995.63,1046.68,988.93,1004.43,1012.33,1009.97,1015.49,1172.65,1116.47,1010.83,1041.63
916,1691.05,969.57,1022.01,974.67,970.08,973.92,978.30,971.34,1096.43,968.64,973.09,972.00
917,1656.61,947.55,962.42,946.42,953.35,923.71,922.59,949.94,1037.63,944.66,953.20,1001.31
918,1576.58,886.59,880.16,902.76,893.40,882.55,898.22,880.45,1028.49,925.64,881.56,902.06
919,1819.24,1011.18,1019.82,1008.34,1015.57,1010.18,1005.30,1014.38,1214.98,1084.77,1012.87,1051.35
920,1584.57,949.53,951.35,963.14,949.36,953.08,975.51,979.18,1117.14,1028.90,979.88,986.25
921,1471.99,995.01,987.91,1010.58,994.78,991.51,1012.93,1017.62,1222.77,1048.85,1017.69,1021.96
922,1837.76,1007.12,1032.24,1018.78,1009.51,1002.41,1013.54,1036.05,1114.24,1016.42,1039.10,1032.20
923,1616.24,896.25,922.53,897.44,899.37,890.06,891.94,914.21,1103.23,978.10,913.95,949.65
924,1697.86,911.60,911.51,911.96,920.19,894.23,895.58,917.60,1029.00,904.93,919.65,880.80
925,1738.76,978.54,995.57,986.24,971.44,967.67,975.13,991.65,1150.56,1030.74,994.45,950.61
926,1647.34,989.80,1001.33,989.42,990.50,993.49,979.51,997.15,1097.31,989.91,997.36,967.98
927,1685.48,941.79,943.42,942.79,944.40,935.89,937.29,968.16,1138.82,1017.99,966.72,943.49
928,1662.30,920.50,930.65,921.42,923.33,944.78,931.08,929.29,996.35,951.71,930.06,943.76
929,1635.67,981.35,981.18,984.61,982.27,977.77,982.18,985.87,1067.35,972.65,987.45,1015.33
930,1660.60,1041.73,1039.92,1043.49,1043.72,1049.15,1039.20,1159.87,1199.31,1112.13,1161.51,1063.44
931,1764.10,912.57,927.69,914.37,912.72,911.42,910.26,922.81,1021.81,931.05,922.25,915.08
932,1789.82,985.49,1039.68,984.23,985.92,981.30,979.80,987.72,1020.57,982.27,991.96,1002.15
933,1708.15,1039.38,1039.47,1048.12,1057.35,1039.47,1044.52,1095.10,1099.70,1061.95,1093.01,1047.42
934,1613.57,940.55,941.38,939.76,940.10,956.90,957.17,983.04,1139.77,977.77,985.26,968.56
935,1782.52,1025.56,1055.30,1025.89,1036.63,1028.89,1025.81,1098.13,1171.19,1113.55,1098.83,1062.94
936,1795.49,1036.64,1054.09,1033.62,1039.20,1084.08,1103.45,1101.02,1214.77,1094.44,1101.36,1091.67
937,1796.85,902.33,903.04,918.39,902.36,904.09,922.47,943.81,1008.90,946.81,940.83,919.92
938,1706.44,1004.39,1002.18,1004.98,1008.59,1002.21,1004.48,1072.86,1171.69,1085.90,1074.88,1029.76
939,1674.12,997.38,1009.31,997.56,994.54,986.74,987.76,1008.49,1207.99,1118.21,1007.40,1018.70
940,1609.87,965.61,1029.66,967.43,966.23,959.47,960.01,954.17,1045.14,973.92,955.16,945.82
941,1613.16,955.12,956.14,955.03,969.58,983.73,979.65,997.99,1038.99,994.73,1001.28,1006.90
942,1672.22,1022.41,1032.22,1022.42,1020.57,1025.89,1024.83,1051.45,1154.54,1039.85,1051.39,1023.95
943,1842.27,1031.52,1057.00,1055.31,1031.45,1023.23,1052.62,1074.84,1182.69,1086.74,1079.35,1063.12
944,1747.02,1019.99,1074.07,1022.62,1026.10,1011.34,1014.76,1023.64,1131.49,1037.56,1024.87,1049.80
945,1615.20,987.82,976.03,983.36,984.05,983.87,978.04,979.77,1059.26,981.98,980.72,980.72
946,1783.81,1018.48,1024.93,1021.20,1022.36,1014.92,1020.26,1024.31,1059.74,1014.27,1026.12,998.74
947,1667.18,964.69,970.88,975.49,965.38,959.76,964.26,980.04,1043.61,1000.00,978.88,1015.07
948,1717.49,984.74,990.42,985.49,1008.17,978.29,974.38,1047.31,1327.08,1166.07,1046.46,1046.60
949,1559.45,999.98,1009.95,1022.20,1003.02,1012.18,1034.41,1086.72,1205.89,1111.04,1087.52,1026.33
950,1722.87,1007.46,1056.19,1003.18,1015.51,1016.43,1007.11,1039.05,1115.34,1022.81,1044.46,1025.66
951,1763.96,994.03,1007.09,992.29,1012.34,991.68,986.18,1031.63,1093.51,1045.22,1033.55,1033.49
952,1755.41,1022.68,1038.35,1030.30,1033.22,1022.12,1023.67,1037.55,1199.77,1127.97,1041.35,1034.21
953,1589.26,976.96,975.34,977.11,976.36,975.81,981.14,968.83,1039.78,976.45,969.35,995.20
954,1536.23,978.66,981.57,983.14,979.79,990.22,988.07,1043.11,1141.30,1059.29,1040.63,1030.55
955,1608.23,930.50,936.60,945.65,955.89,948.96,964.16,952.19,1042.94,950.85,950.05,936.57
956,1629.35,1004.80,1038.81,1004.46,1010.34,998.14,997.60,994.68,1122.17,1050.24,995.23,988.10
957,1763.35,1002.69,1055.87,1001.21,1018.53,991.93,995.90,1013.46,1018.02,988.21,1015.11,1012.84
958,1754.04,993.98,1054.72,994.56,1018.24,992.94,986.75,999.99,1191.66,1017.12,999.62,1058.62
959,1662.53,979.24,987.96,979.05,980.94,966.95,968.65,967.27,1084.27,995.07,968.03,990.71
960,1678.75,971.60,993.35,973.74,972.09,984.10,994.85,975.32,1067.01,986.56,974.50,986.30
961,1640.95,1004.45,996.77,1008.30,1004.44,999.03,1002.98,1010.53,1107.57,1043.91,1010.11,1004.21
962,1755.25,957.10,956.16,954.91,971.15,941.54,941.06,1000.60,1091.94,1007.81,1004.49,949.40
963,1688.50,952.64,938.81,956.92,954.91,966.28,966.94,982.97,1047.29,978.81,983.22,986.79
964,1699.83,986.12,1051.83,990.18,986.44,984.55,987.47,1002.70,1129.98,1048.75,1004.43,982.49
965,1653.28,942.08,956.40,941.07,946.47,939.12,946.24,979.79,1089.09,960.14,977.28,974.91
966,1668.62,970.77,957.96,975.27,972.77,967.22,968.51,987.18,965.98,969.56,985.91,955.67
967,1641.17,950.81,964.60,950.66,961.73,944.43,944.49,938.41,976.31,919.42,937.87,958.72
968,1577.43,1008.90,998.15,1012.28,1019.12,1014.43,1022.58,1097.17,1193.91,1099.55,1096.43,1091.65
969,1651.01,965.60,993.01,968.95,965.69,959.32,963.50,948.67,991.04,951.99,949.55,963.35
970,1756.69,962.40,983.08,974.50,971.32,974.38,1004.74,1047.59,1135.75,1038.03,1041.82,1041.31
971,1701.61,1008.06,1005.65,1008.02,1010.84,1008.26,1004.06,1002.75,1188.08,1061.68,1002.38,1013.33
972,1647.18,918.60,914.38,919.67,918.45,947.67,954.66,963.85,1093.69,1014.44,959.57,905.31
973,1684.22,927.66,919.83,929.92,930.91,931.27,929.57,957.76,1054.74,963.06,954.76,960.23
974,1715.85,989.20,988.62,990.49,989.98,984.84,985.96,987.98,1070.07,984.59,988.60,1024.22
975,1559.34,947.46,942.65,958.32,958.11,952.16,958.79,940.80,994.58,944.52,943.38,932.98
976,1668.83,1017.41,1029.70,1018.59,1020.93,1013.15,1008.51,1024.68,1182.26,1095.00,1026.25,1020.28
977,1852.73,996.40,1028.82,1014.22,998.10,990.28,1007.98,993.06,1106.80,1021.03,990.09,989.65
978,1672.02,917.38,964.82,912.11,962.82,890.31,887.38,978.91,1152.05,1055.54,980.47,994.03
979,1786.74,956.92,969.99,968.24,957.43,966.14,993.69,962.98,1100.27,957.03,958.82,950.90
980,1765.33,1007.44,1086.55,1013.33,1039.67,1002.74,1005.60,1045.31,1091.71,1025.77,1047.51,1016.12
981,1754.60,1007.05,1013.64,1011.00,1012.97,1006.90,1007.33,1031.75,1186.51,1109.31,1035.77,986.59
982,1550.91,982.70,998.20,990.89,983.34,981.14,989.73,1060.08,1345.94,1066.46,1061.54,1016.86
983,1527.68,969.43,967.93,981.59,970.16,971.08,980.71,979.17,1067.66,982.75,975.22,965.39
984,1606.82,947.66,947.89,949.31,948.15,986.59,1001.59,987.43,1112.61,1013.79,986.21,978.01
985,1651.68,999.80,1057.74,994.18,1022.75,990.37,987.40,1004.24,1070.04,988.81,1002.77,988.24
986,1789.16,1033.08,1030.98,1033.68,1035.20,1037.52,1040.85,1048.82,1129.38,1033.11,1046.76,1018.59
987,1725.34,1055.73,1061.62,1059.81,1058.84,1062.89,1067.80,1061.80,1154.72,1092.86,1061.82,1059.15
988,1850.38,967.23,979.91,969.85,969.80,961.46,964.03,975.69,1036.20,977.11,975.13,983.97
989,1677.19,995.32,1016.64,999.56,995.86,1005.79,1002.38,1038.66,1134.56,1036.78,1040.16,1046.12
990,1561.64,1021.07,1015.74,1079.18,1022.33,1031.61,1084.04,1074.64,1131.06,1056.42,1074.16,1071.56
991,1571.41,1004.07,1050.55,1018.49,1018.86,986.00,1001.96,1035.09,1124.94,1029.58,1036.83,997.06
992,1761.11,976.56,975.58,980.24,1030.94,973.18,973.69,1075.20,1168.88,1087.88,1069.95,1011.32
993,1685.95,1003.02,1011.30,998.88,1004.90,996.13,992.25,1018.64,1017.56,995.59,1021.97,1020.76
994,1773.25,1033.01,1040.03,1031.62,1036.30,1039.69,1041.79,1053.51,1096.93,1042.43,1056.85,1049.27
995,1788.44,999.90,1007.46,1014.89,1001.99,1010.72,1016.80,1005.71,1094.13,1000.35,1008.76,1034.00
996,1705.99,950.46,958.00,950.35,954.00,945.01,944.58,978.73,1088.58,962.39,974.93,985.04
997,1638.79,996.03,998.32,1000.44,999.11,996.94,997.75,1006.33,1061.81,1000.12,1004.80,1005.61
998,1701.05,1025.42,1089.34,1017.62,1038.71,1018.80,1011.04,1044.90,1130.57,1054.79,1049.03,1006.97
999,1802.85,1053.31,1055.99,1053.97,1060.73,1052.05,1048.41,1036.80,1181.27,1073.42,1038.01,1059.84
